x_km,y_km,demand
-6.0,-6.0,27.713
-5.8788,-6.0,28.112
-5.7576,-6.0,28.519
-5.6364,-6.0,28.932
-5.5152,-6.0,29.35
-5.3939,-6.0,29.773
-5.2727,-6.0,30.2
-5.1515,-6.0,30.63
-5.0303,-6.0,31.061
-4.9091,-6.0,31.493
-4.7879,-6.0,31.924
-4.6667,-6.0,32.353
-4.5455,-6.0,32.777
-4.4242,-6.0,33.194
-4.303,-6.0,33.603
-4.1818,-6.0,34.001
-4.0606,-6.0,34.385
-3.9394,-6.0,34.751
-3.8182,-6.0,35.097
-3.697,-6.0,35.417
-3.5758,-6.0,35.709
-3.4545,-6.0,35.966
-3.3333,-6.0,36.183
-3.2121,-6.0,36.354
-3.0909,-6.0,36.471
-2.9697,-6.0,36.527
-2.8485,-6.0,36.513
-2.7273,-6.0,36.418
-2.6061,-6.0,36.232
-2.4848,-6.0,35.945
-2.3636,-6.0,35.543
-2.2424,-6.0,35.016
-2.1212,-6.0,34.354
-2.0,-6.0,33.547
-1.8788,-6.0,32.588
-1.7576,-6.0,31.476
-1.6364,-6.0,30.212
-1.5152,-6.0,28.805
-1.3939,-6.0,27.267
-1.2727,-6.0,25.618
-1.1515,-6.0,23.883
-1.0303,-6.0,22.09
-0.9091,-6.0,20.27
-0.7879,-6.0,18.455
-0.6667,-6.0,16.674
-0.5455,-6.0,14.956
-0.4242,-6.0,13.322
-0.303,-6.0,11.789
-0.1818,-6.0,10.371
-0.0606,-6.0,9.074
0.0606,-6.0,7.9
0.1818,-6.0,6.848
0.303,-6.0,5.913
0.4242,-6.0,5.087
0.5455,-6.0,4.364
0.6667,-6.0,3.733
0.7879,-6.0,3.186
0.9091,-6.0,2.713
1.0303,-6.0,2.306
1.1515,-6.0,1.957
1.2727,-6.0,1.658
1.3939,-6.0,1.403
1.5152,-6.0,1.186
1.6364,-6.0,1.001
1.7576,-6.0,0.844
1.8788,-6.0,0.711
2.0,-6.0,0.599
2.1212,-6.0,0.504
2.2424,-6.0,0.423
2.3636,-6.0,0.356
2.4848,-6.0,0.298
2.6061,-6.0,0.25
2.7273,-6.0,0.21
2.8485,-6.0,0.176
2.9697,-6.0,0.147
3.0909,-6.0,0.123
3.2121,-6.0,0.103
3.3333,-6.0,0.086
3.4545,-6.0,0.072
3.5758,-6.0,0.06
3.697,-6.0,0.05
3.8182,-6.0,0.042
3.9394,-6.0,0.035
4.0606,-6.0,0.029
4.1818,-6.0,0.025
4.303,-6.0,0.02
4.4242,-6.0,0.017
4.5455,-6.0,0.014
4.6667,-6.0,0.012
4.7879,-6.0,0.01
4.9091,-6.0,0.008
5.0303,-6.0,0.007
5.1515,-6.0,0.006
5.2727,-6.0,0.005
5.3939,-6.0,0.004
5.5152,-6.0,0.003
5.6364,-6.0,0.003
5.7576,-6.0,0.002
5.8788,-6.0,0.002
6.0,-6.0,0.002
-6.0,-5.8788,28.124
-5.8788,-5.8788,28.542
-5.7576,-5.8788,28.967
-5.6364,-5.8788,29.399
-5.5152,-5.8788,29.837
-5.3939,-5.8788,30.28
-5.2727,-5.8788,30.729
-5.1515,-5.8788,31.18
-5.0303,-5.8788,31.635
-4.9091,-5.8788,32.09
-4.7879,-5.8788,32.546
-4.6667,-5.8788,33.0
-4.5455,-5.8788,33.452
-4.4242,-5.8788,33.899
-4.303,-5.8788,34.339
-4.1818,-5.8788,34.77
-4.0606,-5.8788,35.19
-3.9394,-5.8788,35.596
-3.8182,-5.8788,35.985
-3.697,-5.8788,36.354
-3.5758,-5.8788,36.7
-3.4545,-5.8788,37.017
-3.3333,-5.8788,37.302
-3.2121,-5.8788,37.549
-3.0909,-5.8788,37.753
-2.9697,-5.8788,37.906
-2.8485,-5.8788,38.001
-2.7273,-5.8788,38.028
-2.6061,-5.8788,37.977
-2.4848,-5.8788,37.836
-2.3636,-5.8788,37.594
-2.2424,-5.8788,37.235
-2.1212,-5.8788,36.747
-2.0,-5.8788,36.116
-1.8788,-5.8788,35.331
-1.7576,-5.8788,34.384
-1.6364,-5.8788,33.268
-1.5152,-5.8788,31.985
-1.3939,-5.8788,30.541
-1.2727,-5.8788,28.949
-1.1515,-5.8788,27.231
-1.0303,-5.8788,25.411
-0.9091,-5.8788,23.522
-0.7879,-5.8788,21.597
-0.6667,-5.8788,19.671
-0.5455,-5.8788,17.778
-0.4242,-5.8788,15.947
-0.303,-5.8788,14.204
-0.1818,-5.8788,12.569
-0.0606,-5.8788,11.055
0.0606,-5.8788,9.67
0.1818,-5.8788,8.417
0.303,-5.8788,7.293
0.4242,-5.8788,6.295
0.5455,-5.8788,5.415
0.6667,-5.8788,4.643
0.7879,-5.8788,3.971
0.9091,-5.8788,3.388
1.0303,-5.8788,2.884
1.1515,-5.8788,2.451
1.2727,-5.8788,2.079
1.3939,-5.8788,1.761
1.5152,-5.8788,1.489
1.6364,-5.8788,1.258
1.7576,-5.8788,1.062
1.8788,-5.8788,0.895
2.0,-5.8788,0.754
2.1212,-5.8788,0.634
2.2424,-5.8788,0.533
2.3636,-5.8788,0.448
2.4848,-5.8788,0.376
2.6061,-5.8788,0.316
2.7273,-5.8788,0.265
2.8485,-5.8788,0.222
2.9697,-5.8788,0.186
3.0909,-5.8788,0.156
3.2121,-5.8788,0.13
3.3333,-5.8788,0.109
3.4545,-5.8788,0.091
3.5758,-5.8788,0.076
3.697,-5.8788,0.064
3.8182,-5.8788,0.053
3.9394,-5.8788,0.044
4.0606,-5.8788,0.037
4.1818,-5.8788,0.031
4.303,-5.8788,0.026
4.4242,-5.8788,0.022
4.5455,-5.8788,0.018
4.6667,-5.8788,0.015
4.7879,-5.8788,0.012
4.9091,-5.8788,0.01
5.0303,-5.8788,0.009
5.1515,-5.8788,0.007
5.2727,-5.8788,0.006
5.3939,-5.8788,0.005
5.5152,-5.8788,0.004
5.6364,-5.8788,0.003
5.7576,-5.8788,0.003
5.8788,-5.8788,0.002
6.0,-5.8788,0.002
-6.0,-5.7576,28.543
-5.8788,-5.7576,28.979
-5.7576,-5.7576,29.422
-5.6364,-5.7576,29.874
-5.5152,-5.7576,30.331
-5.3939,-5.7576,30.795
-5.2727,-5.7576,31.264
-5.1515,-5.7576,31.738
-5.0303,-5.7576,32.215
-4.9091,-5.7576,32.694
-4.7879,-5.7576,33.174
-4.6667,-5.7576,33.654
-4.5455,-5.7576,34.132
-4.4242,-5.7576,34.607
-4.303,-5.7576,35.077
-4.1818,-5.7576,35.54
-4.0606,-5.7576,35.995
-3.9394,-5.7576,36.439
-3.8182,-5.7576,36.869
-3.697,-5.7576,37.284
-3.5758,-5.7576,37.681
-3.4545,-5.7576,38.056
-3.3333,-5.7576,38.407
-3.2121,-5.7576,38.728
-3.0909,-5.7576,39.017
-2.9697,-5.7576,39.266
-2.8485,-5.7576,39.469
-2.7273,-5.7576,39.619
-2.6061,-5.7576,39.705
-2.4848,-5.7576,39.715
-2.3636,-5.7576,39.638
-2.2424,-5.7576,39.457
-2.1212,-5.7576,39.156
-2.0,-5.7576,38.718
-1.8788,-5.7576,38.128
-1.7576,-5.7576,37.369
-1.6364,-5.7576,36.431
-1.5152,-5.7576,35.306
-1.3939,-5.7576,33.993
-1.2727,-5.7576,32.498
-1.1515,-5.7576,30.835
-1.0303,-5.7576,29.026
-0.9091,-5.7576,27.101
-0.7879,-5.7576,25.094
-0.6667,-5.7576,23.043
-0.5455,-5.7576,20.987
-0.4242,-5.7576,18.963
-0.303,-5.7576,17.006
-0.1818,-5.7576,15.142
-0.0606,-5.7576,13.393
0.0606,-5.7576,11.775
0.1818,-5.7576,10.296
0.303,-5.7576,8.958
0.4242,-5.7576,7.76
0.5455,-5.7576,6.695
0.6667,-5.7576,5.757
0.7879,-5.7576,4.936
0.9091,-5.7576,4.22
1.0303,-5.7576,3.599
1.1515,-5.7576,3.063
1.2727,-5.7576,2.602
1.3939,-5.7576,2.207
1.5152,-5.7576,1.869
1.6364,-5.7576,1.58
1.7576,-5.7576,1.334
1.8788,-5.7576,1.126
2.0,-5.7576,0.948
2.1212,-5.7576,0.798
2.2424,-5.7576,0.672
2.3636,-5.7576,0.564
2.4848,-5.7576,0.474
2.6061,-5.7576,0.398
2.7273,-5.7576,0.333
2.8485,-5.7576,0.279
2.9697,-5.7576,0.234
3.0909,-5.7576,0.196
3.2121,-5.7576,0.164
3.3333,-5.7576,0.137
3.4545,-5.7576,0.115
3.5758,-5.7576,0.096
3.697,-5.7576,0.08
3.8182,-5.7576,0.067
3.9394,-5.7576,0.056
4.0606,-5.7576,0.047
4.1818,-5.7576,0.039
4.303,-5.7576,0.032
4.4242,-5.7576,0.027
4.5455,-5.7576,0.023
4.6667,-5.7576,0.019
4.7879,-5.7576,0.016
4.9091,-5.7576,0.013
5.0303,-5.7576,0.011
5.1515,-5.7576,0.009
5.2727,-5.7576,0.008
5.3939,-5.7576,0.006
5.5152,-5.7576,0.005
5.6364,-5.7576,0.004
5.7576,-5.7576,0.004
5.8788,-5.7576,0.003
6.0,-5.7576,0.003
-6.0,-5.6364,28.968
-5.8788,-5.6364,29.423
-5.7576,-5.6364,29.885
-5.6364,-5.6364,30.356
-5.5152,-5.6364,30.833
-5.3939,-5.6364,31.318
-5.2727,-5.6364,31.808
-5.1515,-5.6364,32.303
-5.0303,-5.6364,32.802
-4.9091,-5.6364,33.304
-4.7879,-5.6364,33.808
-4.6667,-5.6364,34.313
-4.5455,-5.6364,34.817
-4.4242,-5.6364,35.32
-4.303,-5.6364,35.819
-4.1818,-5.6364,36.313
-4.0606,-5.6364,36.801
-3.9394,-5.6364,37.281
-3.8182,-5.6364,37.752
-3.697,-5.6364,38.212
-3.5758,-5.6364,38.658
-3.4545,-5.6364,39.09
-3.3333,-5.6364,39.506
-3.2121,-5.6364,39.901
-3.0909,-5.6364,40.274
-2.9697,-5.6364,40.621
-2.8485,-5.6364,40.935
-2.7273,-5.6364,41.211
-2.6061,-5.6364,41.439
-2.4848,-5.6364,41.608
-2.3636,-5.6364,41.705
-2.2424,-5.6364,41.714
-2.1212,-5.6364,41.615
-2.0,-5.6364,41.388
-1.8788,-5.6364,41.013
-1.7576,-5.6364,40.468
-1.6364,-5.6364,39.735
-1.5152,-5.6364,38.799
-1.3939,-5.6364,37.65
-1.2727,-5.6364,36.287
-1.1515,-5.6364,34.716
-1.0303,-5.6364,32.954
-0.9091,-5.6364,31.026
-0.7879,-5.6364,28.966
-0.6667,-5.6364,26.814
-0.5455,-5.6364,24.611
-0.4242,-5.6364,22.403
-0.303,-5.6364,20.23
-0.1818,-5.6364,18.129
-0.0606,-5.6364,16.131
0.0606,-5.6364,14.259
0.1818,-5.6364,12.529
0.303,-5.6364,10.949
0.4242,-5.6364,9.522
0.5455,-5.6364,8.245
0.6667,-5.6364,7.112
0.7879,-5.6364,6.114
0.9091,-5.6364,5.24
1.0303,-5.6364,4.479
1.1515,-5.6364,3.82
1.2727,-5.6364,3.25
1.3939,-5.6364,2.761
1.5152,-5.6364,2.341
1.6364,-5.6364,1.981
1.7576,-5.6364,1.675
1.8788,-5.6364,1.414
2.0,-5.6364,1.192
2.1212,-5.6364,1.004
2.2424,-5.6364,0.845
2.3636,-5.6364,0.71
2.4848,-5.6364,0.597
2.6061,-5.6364,0.501
2.7273,-5.6364,0.42
2.8485,-5.6364,0.352
2.9697,-5.6364,0.295
3.0909,-5.6364,0.247
3.2121,-5.6364,0.207
3.3333,-5.6364,0.173
3.4545,-5.6364,0.144
3.5758,-5.6364,0.121
3.697,-5.6364,0.101
3.8182,-5.6364,0.084
3.9394,-5.6364,0.07
4.0606,-5.6364,0.059
4.1818,-5.6364,0.049
4.303,-5.6364,0.041
4.4242,-5.6364,0.034
4.5455,-5.6364,0.028
4.6667,-5.6364,0.024
4.7879,-5.6364,0.02
4.9091,-5.6364,0.016
5.0303,-5.6364,0.014
5.1515,-5.6364,0.011
5.2727,-5.6364,0.009
5.3939,-5.6364,0.008
5.5152,-5.6364,0.007
5.6364,-5.6364,0.005
5.7576,-5.6364,0.005
5.8788,-5.6364,0.004
6.0,-5.6364,0.003
-6.0,-5.5152,29.401
-5.8788,-5.5152,29.873
-5.7576,-5.5152,30.355
-5.6364,-5.5152,30.845
-5.5152,-5.5152,31.342
-5.3939,-5.5152,31.847
-5.2727,-5.5152,32.358
-5.1515,-5.5152,32.875
-5.0303,-5.5152,33.396
-4.9091,-5.5152,33.921
-4.7879,-5.5152,34.449
-4.6667,-5.5152,34.979
-4.5455,-5.5152,35.509
-4.4242,-5.5152,36.038
-4.303,-5.5152,36.566
-4.1818,-5.5152,37.09
-4.0606,-5.5152,37.611
-3.9394,-5.5152,38.127
-3.8182,-5.5152,38.637
-3.697,-5.5152,39.141
-3.5758,-5.5152,39.638
-3.4545,-5.5152,40.126
-3.3333,-5.5152,40.607
-3.2121,-5.5152,41.078
-3.0909,-5.5152,41.539
-2.9697,-5.5152,41.987
-2.8485,-5.5152,42.418
-2.7273,-5.5152,42.827
-2.6061,-5.5152,43.207
-2.4848,-5.5152,43.546
-2.3636,-5.5152,43.831
-2.2424,-5.5152,44.045
-2.1212,-5.5152,44.166
-2.0,-5.5152,44.172
-1.8788,-5.5152,44.035
-1.7576,-5.5152,43.729
-1.6364,-5.5152,43.229
-1.5152,-5.5152,42.511
-1.3939,-5.5152,41.558
-1.2727,-5.5152,40.359
-1.1515,-5.5152,38.913
-1.0303,-5.5152,37.23
-0.9091,-5.5152,35.33
-0.7879,-5.5152,33.245
-0.6667,-5.5152,31.013
-0.5455,-5.5152,28.681
-0.4242,-5.5152,26.297
-0.303,-5.5152,23.911
-0.1818,-5.5152,21.568
-0.0606,-5.5152,19.308
0.0606,-5.5152,17.164
0.1818,-5.5152,15.16
0.303,-5.5152,13.311
0.4242,-5.5152,11.626
0.5455,-5.5152,10.106
0.6667,-5.5152,8.748
0.7879,-5.5152,7.544
0.9091,-5.5152,6.484
1.0303,-5.5152,5.557
1.1515,-5.5152,4.749
1.2727,-5.5152,4.05
1.3939,-5.5152,3.446
1.5152,-5.5152,2.926
1.6364,-5.5152,2.48
1.7576,-5.5152,2.099
1.8788,-5.5152,1.774
2.0,-5.5152,1.497
2.1212,-5.5152,1.262
2.2424,-5.5152,1.063
2.3636,-5.5152,0.894
2.4848,-5.5152,0.751
2.6061,-5.5152,0.631
2.7273,-5.5152,0.529
2.8485,-5.5152,0.443
2.9697,-5.5152,0.372
3.0909,-5.5152,0.311
3.2121,-5.5152,0.26
3.3333,-5.5152,0.218
3.4545,-5.5152,0.182
3.5758,-5.5152,0.152
3.697,-5.5152,0.127
3.8182,-5.5152,0.106
3.9394,-5.5152,0.088
4.0606,-5.5152,0.074
4.1818,-5.5152,0.062
4.303,-5.5152,0.051
4.4242,-5.5152,0.043
4.5455,-5.5152,0.036
4.6667,-5.5152,0.03
4.7879,-5.5152,0.025
4.9091,-5.5152,0.021
5.0303,-5.5152,0.017
5.1515,-5.5152,0.014
5.2727,-5.5152,0.012
5.3939,-5.5152,0.01
5.5152,-5.5152,0.008
5.6364,-5.5152,0.007
5.7576,-5.5152,0.006
5.8788,-5.5152,0.005
6.0,-5.5152,0.004
-6.0,-5.3939,29.839
-5.8788,-5.3939,30.33
-5.7576,-5.3939,30.831
-5.6364,-5.3939,31.341
-5.5152,-5.3939,31.859
-5.3939,-5.3939,32.384
-5.2727,-5.3939,32.916
-5.1515,-5.3939,33.454
-5.0303,-5.3939,33.998
-4.9091,-5.3939,34.546
-4.7879,-5.3939,35.097
-4.6667,-5.3939,35.651
-4.5455,-5.3939,36.207
-4.4242,-5.3939,36.763
-4.303,-5.3939,37.318
-4.1818,-5.3939,37.873
-4.0606,-5.3939,38.426
-3.9394,-5.3939,38.978
-3.8182,-5.3939,39.528
-3.697,-5.3939,40.076
-3.5758,-5.3939,40.623
-3.4545,-5.3939,41.17
-3.3333,-5.3939,41.719
-3.2121,-5.3939,42.27
-3.0909,-5.3939,42.823
-2.9697,-5.3939,43.379
-2.8485,-5.3939,43.936
-2.7273,-5.3939,44.49
-2.6061,-5.3939,45.035
-2.4848,-5.3939,45.561
-2.3636,-5.3939,46.054
-2.2424,-5.3939,46.494
-2.1212,-5.3939,46.86
-2.0,-5.3939,47.123
-1.8788,-5.3939,47.252
-1.7576,-5.3939,47.214
-1.6364,-5.3939,46.976
-1.5152,-5.3939,46.506
-1.3939,-5.3939,45.778
-1.2727,-5.3939,44.772
-1.1515,-5.3939,43.48
-1.0303,-5.3939,41.904
-0.9091,-5.3939,40.058
-0.7879,-5.3939,37.969
-0.6667,-5.3939,35.678
-0.5455,-5.3939,33.23
-0.4242,-5.3939,30.68
-0.303,-5.3939,28.084
-0.1818,-5.3939,25.495
-0.0606,-5.3939,22.963
0.0606,-5.3939,20.53
0.1818,-5.3939,18.23
0.303,-5.3939,16.087
0.4242,-5.3939,14.115
0.5455,-5.3939,12.322
0.6667,-5.3939,10.707
0.7879,-5.3939,9.267
0.9091,-5.3939,7.99
1.0303,-5.3939,6.867
1.1515,-5.3939,5.885
1.2727,-5.3939,5.03
1.3939,-5.3939,4.289
1.5152,-5.3939,3.649
1.6364,-5.3939,3.098
1.7576,-5.3939,2.626
1.8788,-5.3939,2.222
2.0,-5.3939,1.878
2.1212,-5.3939,1.584
2.2424,-5.3939,1.335
2.3636,-5.3939,1.124
2.4848,-5.3939,0.945
2.6061,-5.3939,0.794
2.7273,-5.3939,0.666
2.8485,-5.3939,0.558
2.9697,-5.3939,0.468
3.0909,-5.3939,0.392
3.2121,-5.3939,0.328
3.3333,-5.3939,0.274
3.4545,-5.3939,0.229
3.5758,-5.3939,0.191
3.697,-5.3939,0.16
3.8182,-5.3939,0.133
3.9394,-5.3939,0.111
4.0606,-5.3939,0.093
4.1818,-5.3939,0.077
4.303,-5.3939,0.065
4.4242,-5.3939,0.054
4.5455,-5.3939,0.045
4.6667,-5.3939,0.037
4.7879,-5.3939,0.031
4.9091,-5.3939,0.026
5.0303,-5.3939,0.022
5.1515,-5.3939,0.018
5.2727,-5.3939,0.015
5.3939,-5.3939,0.012
5.5152,-5.3939,0.01
5.6364,-5.3939,0.009
5.7576,-5.3939,0.007
5.8788,-5.3939,0.006
6.0,-5.3939,0.005
-6.0,-5.2727,30.284
-5.8788,-5.2727,30.794
-5.7576,-5.2727,31.314
-5.6364,-5.2727,31.843
-5.5152,-5.2727,32.381
-5.3939,-5.2727,32.927
-5.2727,-5.2727,33.481
-5.1515,-5.2727,34.041
-5.0303,-5.2727,34.607
-4.9091,-5.2727,35.178
-4.7879,-5.2727,35.753
-4.6667,-5.2727,36.331
-4.5455,-5.2727,36.911
-4.4242,-5.2727,37.494
-4.303,-5.2727,38.078
-4.1818,-5.2727,38.663
-4.0606,-5.2727,39.248
-3.9394,-5.2727,39.836
-3.8182,-5.2727,40.426
-3.697,-5.2727,41.02
-3.5758,-5.2727,41.62
-3.4545,-5.2727,42.228
-3.3333,-5.2727,42.849
-3.2121,-5.2727,43.485
-3.0909,-5.2727,44.139
-2.9697,-5.2727,44.813
-2.8485,-5.2727,45.508
-2.7273,-5.2727,46.223
-2.6061,-5.2727,46.952
-2.4848,-5.2727,47.687
-2.3636,-5.2727,48.412
-2.2424,-5.2727,49.107
-2.1212,-5.2727,49.747
-2.0,-5.2727,50.299
-1.8788,-5.2727,50.727
-1.7576,-5.2727,50.99
-1.6364,-5.2727,51.047
-1.5152,-5.2727,50.856
-1.3939,-5.2727,50.384
-1.2727,-5.2727,49.6
-1.1515,-5.2727,48.487
-1.0303,-5.2727,47.039
-0.9091,-5.2727,45.267
-0.7879,-5.2727,43.192
-0.6667,-5.2727,40.854
-0.5455,-5.2727,38.301
-0.4242,-5.2727,35.59
-0.303,-5.2727,32.783
-0.1818,-5.2727,29.943
-0.0606,-5.2727,27.129
0.0606,-5.2727,24.392
0.1818,-5.2727,21.777
0.303,-5.2727,19.314
0.4242,-5.2727,17.029
0.5455,-5.2727,14.933
0.6667,-5.2727,13.031
0.7879,-5.2727,11.322
0.9091,-5.2727,9.798
1.0303,-5.2727,8.449
1.1515,-5.2727,7.263
1.2727,-5.2727,6.225
1.3939,-5.2727,5.321
1.5152,-5.2727,4.538
1.6364,-5.2727,3.861
1.7576,-5.2727,3.278
1.8788,-5.2727,2.779
2.0,-5.2727,2.351
2.1212,-5.2727,1.986
2.2424,-5.2727,1.675
2.3636,-5.2727,1.411
2.4848,-5.2727,1.187
2.6061,-5.2727,0.998
2.7273,-5.2727,0.838
2.8485,-5.2727,0.703
2.9697,-5.2727,0.589
3.0909,-5.2727,0.493
3.2121,-5.2727,0.413
3.3333,-5.2727,0.345
3.4545,-5.2727,0.288
3.5758,-5.2727,0.241
3.697,-5.2727,0.201
3.8182,-5.2727,0.168
3.9394,-5.2727,0.14
4.0606,-5.2727,0.117
4.1818,-5.2727,0.097
4.303,-5.2727,0.081
4.4242,-5.2727,0.068
4.5455,-5.2727,0.056
4.6667,-5.2727,0.047
4.7879,-5.2727,0.039
4.9091,-5.2727,0.032
5.0303,-5.2727,0.027
5.1515,-5.2727,0.023
5.2727,-5.2727,0.019
5.3939,-5.2727,0.016
5.5152,-5.2727,0.013
5.6364,-5.2727,0.011
5.7576,-5.2727,0.009
5.8788,-5.2727,0.007
6.0,-5.2727,0.006
-6.0,-5.1515,30.734
-5.8788,-5.1515,31.263
-5.7576,-5.1515,31.803
-5.6364,-5.1515,32.352
-5.5152,-5.1515,32.91
-5.3939,-5.1515,33.477
-5.2727,-5.1515,34.052
-5.1515,-5.1515,34.634
-5.0303,-5.1515,35.222
-4.9091,-5.1515,35.816
-4.7879,-5.1515,36.415
-4.6667,-5.1515,37.017
-4.5455,-5.1515,37.623
-4.4242,-5.1515,38.232
-4.303,-5.1515,38.844
-4.1818,-5.1515,39.46
-4.0606,-5.1515,40.078
-3.9394,-5.1515,40.702
-3.8182,-5.1515,41.334
-3.697,-5.1515,41.975
-3.5758,-5.1515,42.631
-3.4545,-5.1515,43.305
-3.3333,-5.1515,44.004
-3.2121,-5.1515,44.732
-3.0909,-5.1515,45.497
-2.9697,-5.1515,46.303
-2.8485,-5.1515,47.153
-2.7273,-5.1515,48.049
-2.6061,-5.1515,48.986
-2.4848,-5.1515,49.956
-2.3636,-5.1515,50.944
-2.2424,-5.1515,51.929
-2.1212,-5.1515,52.88
-2.0,-5.1515,53.76
-1.8788,-5.1515,54.526
-1.7576,-5.1515,55.128
-1.6364,-5.1515,55.517
-1.5152,-5.1515,55.642
-1.3939,-5.1515,55.455
-1.2727,-5.1515,54.92
-1.1515,-5.1515,54.009
-1.0303,-5.1515,52.709
-0.9091,-5.1515,51.024
-0.7879,-5.1515,48.973
-0.6667,-5.1515,46.594
-0.5455,-5.1515,43.937
-0.4242,-5.1515,41.064
-0.303,-5.1515,38.043
-0.1818,-5.1515,34.944
-0.0606,-5.1515,31.836
0.0606,-5.1515,28.78
0.1818,-5.1515,25.83
0.303,-5.1515,23.027
0.4242,-5.1515,20.402
0.5455,-5.1515,17.975
0.6667,-5.1515,15.757
0.7879,-5.1515,13.749
0.9091,-5.1515,11.947
1.0303,-5.1515,10.341
1.1515,-5.1515,8.921
1.2727,-5.1515,7.671
1.3939,-5.1515,6.577
1.5152,-5.1515,5.624
1.6364,-5.1515,4.797
1.7576,-5.1515,4.083
1.8788,-5.1515,3.467
2.0,-5.1515,2.939
2.1212,-5.1515,2.486
2.2424,-5.1515,2.1
2.3636,-5.1515,1.771
2.4848,-5.1515,1.492
2.6061,-5.1515,1.255
2.7273,-5.1515,1.054
2.8485,-5.1515,0.884
2.9697,-5.1515,0.741
3.0909,-5.1515,0.621
3.2121,-5.1515,0.52
3.3333,-5.1515,0.434
3.4545,-5.1515,0.363
3.5758,-5.1515,0.303
3.697,-5.1515,0.253
3.8182,-5.1515,0.211
3.9394,-5.1515,0.176
4.0606,-5.1515,0.147
4.1818,-5.1515,0.122
4.303,-5.1515,0.102
4.4242,-5.1515,0.085
4.5455,-5.1515,0.071
4.6667,-5.1515,0.059
4.7879,-5.1515,0.049
4.9091,-5.1515,0.041
5.0303,-5.1515,0.034
5.1515,-5.1515,0.028
5.2727,-5.1515,0.024
5.3939,-5.1515,0.02
5.5152,-5.1515,0.016
5.6364,-5.1515,0.014
5.7576,-5.1515,0.011
5.8788,-5.1515,0.009
6.0,-5.1515,0.008
-6.0,-5.0303,31.189
-5.8788,-5.0303,31.737
-5.7576,-5.0303,32.297
-5.6364,-5.0303,32.866
-5.5152,-5.0303,33.445
-5.3939,-5.0303,34.033
-5.2727,-5.0303,34.63
-5.1515,-5.0303,35.234
-5.0303,-5.0303,35.844
-4.9091,-5.0303,36.461
-4.7879,-5.0303,37.084
-4.6667,-5.0303,37.711
-4.5455,-5.0303,38.342
-4.4242,-5.0303,38.978
-4.303,-5.0303,39.619
-4.1818,-5.0303,40.265
-4.0606,-5.0303,40.917
-3.9394,-5.0303,41.579
-3.8182,-5.0303,42.254
-3.697,-5.0303,42.945
-3.5758,-5.0303,43.66
-3.4545,-5.0303,44.405
-3.3333,-5.0303,45.189
-3.2121,-5.0303,46.021
-3.0909,-5.0303,46.909
-2.9697,-5.0303,47.862
-2.8485,-5.0303,48.887
-2.7273,-5.0303,49.986
-2.6061,-5.0303,51.159
-2.4848,-5.0303,52.398
-2.3636,-5.0303,53.686
-2.2424,-5.0303,55.0
-2.1212,-5.0303,56.305
-2.0,-5.0303,57.558
-1.8788,-5.0303,58.707
-1.7576,-5.0303,59.695
-1.6364,-5.0303,60.458
-1.5152,-5.0303,60.936
-1.3939,-5.0303,61.07
-1.2727,-5.0303,60.811
-1.1515,-5.0303,60.124
-1.0303,-5.0303,58.986
-0.9091,-5.0303,57.396
-0.7879,-5.0303,55.373
-0.6667,-5.0303,52.951
-0.5455,-5.0303,50.185
-0.4242,-5.0303,47.14
-0.303,-5.0303,43.893
-0.1818,-5.0303,40.522
-0.0606,-5.0303,37.104
0.0606,-5.0303,33.713
0.1818,-5.0303,30.409
0.303,-5.0303,27.245
0.4242,-5.0303,24.259
0.5455,-5.0303,21.478
0.6667,-5.0303,18.917
0.7879,-5.0303,16.582
0.9091,-5.0303,14.473
1.0303,-5.0303,12.582
1.1515,-5.0303,10.898
1.2727,-5.0303,9.407
1.3939,-5.0303,8.094
1.5152,-5.0303,6.944
1.6364,-5.0303,5.941
1.7576,-5.0303,5.07
1.8788,-5.0303,4.316
2.0,-5.0303,3.667
2.1212,-5.0303,3.108
2.2424,-5.0303,2.63
2.3636,-5.0303,2.221
2.4848,-5.0303,1.873
2.6061,-5.0303,1.576
2.7273,-5.0303,1.325
2.8485,-5.0303,1.113
2.9697,-5.0303,0.933
3.0909,-5.0303,0.782
3.2121,-5.0303,0.654
3.3333,-5.0303,0.547
3.4545,-5.0303,0.457
3.5758,-5.0303,0.382
3.697,-5.0303,0.319
3.8182,-5.0303,0.266
3.9394,-5.0303,0.222
4.0606,-5.0303,0.185
4.1818,-5.0303,0.154
4.303,-5.0303,0.128
4.4242,-5.0303,0.107
4.5455,-5.0303,0.089
4.6667,-5.0303,0.074
4.7879,-5.0303,0.062
4.9091,-5.0303,0.051
5.0303,-5.0303,0.043
5.1515,-5.0303,0.035
5.2727,-5.0303,0.029
5.3939,-5.0303,0.025
5.5152,-5.0303,0.02
5.6364,-5.0303,0.017
5.7576,-5.0303,0.014
5.8788,-5.0303,0.012
6.0,-5.0303,0.01
-6.0,-4.9091,31.649
-5.8788,-4.9091,32.217
-5.7576,-4.9091,32.796
-5.6364,-4.9091,33.386
-5.5152,-4.9091,33.986
-5.3939,-4.9091,34.595
-5.2727,-4.9091,35.213
-5.1515,-4.9091,35.839
-5.0303,-4.9091,36.473
-4.9091,-4.9091,37.113
-4.7879,-4.9091,37.759
-4.6667,-4.9091,38.411
-4.5455,-4.9091,39.069
-4.4242,-4.9091,39.732
-4.303,-4.9091,40.401
-4.1818,-4.9091,41.079
-4.0606,-4.9091,41.766
-3.9394,-4.9091,42.467
-3.8182,-4.9091,43.187
-3.697,-4.9091,43.932
-3.5758,-4.9091,44.711
-3.4545,-4.9091,45.533
-3.3333,-4.9091,46.411
-3.2121,-4.9091,47.356
-3.0909,-4.9091,48.381
-2.9697,-4.9091,49.499
-2.8485,-4.9091,50.721
-2.7273,-4.9091,52.052
-2.6061,-4.9091,53.492
-2.4848,-4.9091,55.036
-2.3636,-4.9091,56.665
-2.2424,-4.9091,58.353
-2.1212,-4.9091,60.061
-2.0,-4.9091,61.738
-1.8788,-4.9091,63.322
-1.7576,-4.9091,64.744
-1.6364,-4.9091,65.929
-1.5152,-4.9091,66.802
-1.3939,-4.9091,67.293
-1.2727,-4.9091,67.34
-1.1515,-4.9091,66.896
-1.0303,-4.9091,65.933
-0.9091,-4.9091,64.444
-0.7879,-4.9091,62.443
-0.6667,-4.9091,59.97
-0.5455,-4.9091,57.08
-0.4242,-4.9091,53.847
-0.303,-4.9091,50.354
-0.1818,-4.9091,46.69
-0.0606,-4.9091,42.944
0.0606,-4.9091,39.196
0.1818,-4.9091,35.521
0.303,-4.9091,31.976
0.4242,-4.9091,28.61
0.5455,-4.9091,25.454
0.6667,-4.9091,22.53
0.7879,-4.9091,19.847
0.9091,-4.9091,17.407
1.0303,-4.9091,15.204
1.1515,-4.9091,13.23
1.2727,-4.9091,11.47
1.3939,-4.9091,9.911
1.5152,-4.9091,8.537
1.6364,-4.9091,7.33
1.7576,-4.9091,6.277
1.8788,-4.9091,5.36
2.0,-4.9091,4.565
2.1212,-4.9091,3.879
2.2424,-4.9091,3.289
2.3636,-4.9091,2.783
2.4848,-4.9091,2.35
2.6061,-4.9091,1.981
2.7273,-4.9091,1.667
2.8485,-4.9091,1.4
2.9697,-4.9091,1.175
3.0909,-4.9091,0.985
3.2121,-4.9091,0.824
3.3333,-4.9091,0.689
3.4545,-4.9091,0.576
3.5758,-4.9091,0.481
3.697,-4.9091,0.401
3.8182,-4.9091,0.335
3.9394,-4.9091,0.279
4.0606,-4.9091,0.232
4.1818,-4.9091,0.194
4.303,-4.9091,0.161
4.4242,-4.9091,0.134
4.5455,-4.9091,0.112
4.6667,-4.9091,0.093
4.7879,-4.9091,0.077
4.9091,-4.9091,0.064
5.0303,-4.9091,0.053
5.1515,-4.9091,0.044
5.2727,-4.9091,0.037
5.3939,-4.9091,0.031
5.5152,-4.9091,0.026
5.6364,-4.9091,0.021
5.7576,-4.9091,0.018
5.8788,-4.9091,0.015
6.0,-4.9091,0.012
-6.0,-4.7879,32.113
-5.8788,-4.7879,32.701
-5.7576,-4.7879,33.3
-5.6364,-4.7879,33.91
-5.5152,-4.7879,34.531
-5.3939,-4.7879,35.162
-5.2727,-4.7879,35.802
-5.1515,-4.7879,36.451
-5.0303,-4.7879,37.107
-4.9091,-4.7879,37.771
-4.7879,-4.7879,38.442
-4.6667,-4.7879,39.119
-4.5455,-4.7879,39.803
-4.4242,-4.7879,40.494
-4.303,-4.7879,41.193
-4.1818,-4.7879,41.903
-4.0606,-4.7879,42.626
-3.9394,-4.7879,43.368
-3.8182,-4.7879,44.136
-3.697,-4.7879,44.938
-3.5758,-4.7879,45.786
-3.4545,-4.7879,46.692
-3.3333,-4.7879,47.672
-3.2121,-4.7879,48.742
-3.0909,-4.7879,49.92
-2.9697,-4.7879,51.223
-2.8485,-4.7879,52.665
-2.7273,-4.7879,54.256
-2.6061,-4.7879,55.998
-2.4848,-4.7879,57.885
-2.3636,-4.7879,59.9
-2.2424,-4.7879,62.012
-2.1212,-4.7879,64.174
-2.0,-4.7879,66.328
-1.8788,-4.7879,68.401
-1.7576,-4.7879,70.311
-1.6364,-4.7879,71.968
-1.5152,-4.7879,73.282
-1.3939,-4.7879,74.167
-1.2727,-4.7879,74.55
-1.1515,-4.7879,74.37
-1.0303,-4.7879,73.592
-0.9091,-4.7879,72.204
-0.7879,-4.7879,70.219
-0.6667,-4.7879,67.679
-0.5455,-4.7879,64.644
-0.4242,-4.7879,61.198
-0.303,-4.7879,57.433
-0.1818,-4.7879,53.45
-0.0606,-4.7879,49.349
0.0606,-4.7879,45.223
0.1818,-4.7879,41.154
0.303,-4.7879,37.211
0.4242,-4.7879,33.448
0.5455,-4.7879,29.903
0.6667,-4.7879,26.601
0.7879,-4.7879,23.554
0.9091,-4.7879,20.766
1.0303,-4.7879,18.234
1.1515,-4.7879,15.948
1.2727,-4.7879,13.897
1.3939,-4.7879,12.067
1.5152,-4.7879,10.442
1.6364,-4.7879,9.006
1.7576,-4.7879,7.743
1.8788,-4.7879,6.637
2.0,-4.7879,5.672
2.1212,-4.7879,4.834
2.2424,-4.7879,4.11
2.3636,-4.7879,3.485
2.4848,-4.7879,2.948
2.6061,-4.7879,2.489
2.7273,-4.7879,2.097
2.8485,-4.7879,1.764
2.9697,-4.7879,1.481
3.0909,-4.7879,1.241
3.2121,-4.7879,1.039
3.3333,-4.7879,0.869
3.4545,-4.7879,0.726
3.5758,-4.7879,0.606
3.697,-4.7879,0.505
3.8182,-4.7879,0.421
3.9394,-4.7879,0.351
4.0606,-4.7879,0.292
4.1818,-4.7879,0.243
4.303,-4.7879,0.203
4.4242,-4.7879,0.169
4.5455,-4.7879,0.14
4.6667,-4.7879,0.117
4.7879,-4.7879,0.097
4.9091,-4.7879,0.081
5.0303,-4.7879,0.067
5.1515,-4.7879,0.056
5.2727,-4.7879,0.046
5.3939,-4.7879,0.039
5.5152,-4.7879,0.032
5.6364,-4.7879,0.027
5.7576,-4.7879,0.022
5.8788,-4.7879,0.018
6.0,-4.7879,0.015
-6.0,-4.6667,32.581
-5.8788,-4.6667,33.188
-5.7576,-4.6667,33.808
-5.6364,-4.6667,34.439
-5.5152,-4.6667,35.082
-5.3939,-4.6667,35.734
-5.2727,-4.6667,36.397
-5.1515,-4.6667,37.069
-5.0303,-4.6667,37.749
-4.9091,-4.6667,38.437
-4.7879,-4.6667,39.132
-4.6667,-4.6667,39.835
-4.5455,-4.6667,40.546
-4.4242,-4.6667,41.265
-4.303,-4.6667,41.995
-4.1818,-4.6667,42.738
-4.0606,-4.6667,43.499
-3.9394,-4.6667,44.284
-3.8182,-4.6667,45.102
-3.697,-4.6667,45.965
-3.5758,-4.6667,46.886
-3.4545,-4.6667,47.883
-3.3333,-4.6667,48.974
-3.2121,-4.6667,50.182
-3.0909,-4.6667,51.529
-2.9697,-4.6667,53.036
-2.8485,-4.6667,54.722
-2.7273,-4.6667,56.602
-2.6061,-4.6667,58.68
-2.4848,-4.6667,60.951
-2.3636,-4.6667,63.397
-2.2424,-4.6667,65.98
-2.1212,-4.6667,68.65
-2.0,-4.6667,71.337
-1.8788,-4.6667,73.955
-1.7576,-4.6667,76.406
-1.6364,-4.6667,78.586
-1.5152,-4.6667,80.386
-1.3939,-4.6667,81.705
-1.2727,-4.6667,82.452
-1.1515,-4.6667,82.556
-1.0303,-4.6667,81.973
-0.9091,-4.6667,80.685
-0.7879,-4.6667,78.705
-0.6667,-4.6667,76.077
-0.5455,-4.6667,72.873
-0.4242,-4.6667,69.183
-0.303,-4.6667,65.114
-0.1818,-4.6667,60.78
-0.0606,-4.6667,56.294
0.0606,-4.6667,51.762
0.1818,-4.6667,47.278
0.303,-4.6667,42.919
0.4242,-4.6667,38.747
0.5455,-4.6667,34.803
0.6667,-4.6667,31.115
0.7879,-4.6667,27.697
0.9091,-4.6667,24.555
1.0303,-4.6667,21.683
1.1515,-4.6667,19.075
1.2727,-4.6667,16.719
1.3939,-4.6667,14.599
1.5152,-4.6667,12.703
1.6364,-4.6667,11.013
1.7576,-4.6667,9.516
1.8788,-4.6667,8.194
2.0,-4.6667,7.032
2.1212,-4.6667,6.016
2.2424,-4.6667,5.131
2.3636,-4.6667,4.364
2.4848,-4.6667,3.701
2.6061,-4.6667,3.13
2.7273,-4.6667,2.641
2.8485,-4.6667,2.224
2.9697,-4.6667,1.868
3.0909,-4.6667,1.567
3.2121,-4.6667,1.312
3.3333,-4.6667,1.097
3.4545,-4.6667,0.916
3.5758,-4.6667,0.764
3.697,-4.6667,0.637
3.8182,-4.6667,0.531
3.9394,-4.6667,0.442
4.0606,-4.6667,0.368
4.1818,-4.6667,0.306
4.303,-4.6667,0.255
4.4242,-4.6667,0.212
4.5455,-4.6667,0.176
4.6667,-4.6667,0.147
4.7879,-4.6667,0.122
4.9091,-4.6667,0.101
5.0303,-4.6667,0.084
5.1515,-4.6667,0.07
5.2727,-4.6667,0.058
5.3939,-4.6667,0.048
5.5152,-4.6667,0.04
5.6364,-4.6667,0.033
5.7576,-4.6667,0.028
5.8788,-4.6667,0.023
6.0,-4.6667,0.019
-6.0,-4.5455,33.052
-5.8788,-4.5455,33.679
-5.7576,-4.5455,34.32
-5.6364,-4.5455,34.972
-5.5152,-4.5455,35.637
-5.3939,-4.5455,36.312
-5.2727,-4.5455,36.997
-5.1515,-4.5455,37.692
-5.0303,-4.5455,38.397
-4.9091,-4.5455,39.11
-4.7879,-4.5455,39.831
-4.6667,-4.5455,40.56
-4.5455,-4.5455,41.299
-4.4242,-4.5455,42.047
-4.303,-4.5455,42.808
-4.1818,-4.5455,43.586
-4.0606,-4.5455,44.386
-3.9394,-4.5455,45.216
-3.8182,-4.5455,46.088
-3.697,-4.5455,47.015
-3.5758,-4.5455,48.014
-3.4545,-4.5455,49.108
-3.3333,-4.5455,50.319
-3.2121,-4.5455,51.676
-3.0909,-4.5455,53.206
-2.9697,-4.5455,54.935
-2.8485,-4.5455,56.889
-2.7273,-4.5455,59.086
-2.6061,-4.5455,61.533
-2.4848,-4.5455,64.226
-2.3636,-4.5455,67.144
-2.2424,-4.5455,70.247
-2.1212,-4.5455,73.474
-2.0,-4.5455,76.746
-1.8788,-4.5455,79.962
-1.7576,-4.5455,83.007
-1.6364,-4.5455,85.758
-1.5152,-4.5455,88.088
-1.3939,-4.5455,89.876
-1.2727,-4.5455,91.016
-1.1515,-4.5455,91.423
-1.0303,-4.5455,91.042
-0.9091,-4.5455,89.85
-0.7879,-4.5455,87.863
-0.6667,-4.5455,85.128
-0.5455,-4.5455,81.725
-0.4242,-4.5455,77.759
-0.303,-4.5455,73.351
-0.1818,-4.5455,68.63
-0.0606,-4.5455,63.727
0.0606,-4.5455,58.762
0.1818,-4.5455,53.84
0.303,-4.5455,49.049
0.4242,-4.5455,44.457
0.5455,-4.5455,40.11
0.6667,-4.5455,36.037
0.7879,-4.5455,32.252
0.9091,-4.5455,28.759
1.0303,-4.5455,25.552
1.1515,-4.5455,22.622
1.2727,-4.5455,19.956
1.3939,-4.5455,17.541
1.5152,-4.5455,15.36
1.6364,-4.5455,13.401
1.7576,-4.5455,11.647
1.8788,-4.5455,10.085
2.0,-4.5455,8.7
2.1212,-4.5455,7.478
2.2424,-4.5455,6.404
2.3636,-4.5455,5.466
2.4848,-4.5455,4.649
2.6061,-4.5455,3.942
2.7273,-4.5455,3.332
2.8485,-4.5455,2.809
2.9697,-4.5455,2.362
3.0909,-4.5455,1.982
3.2121,-4.5455,1.659
3.3333,-4.5455,1.387
3.4545,-4.5455,1.158
3.5758,-4.5455,0.965
3.697,-4.5455,0.804
3.8182,-4.5455,0.669
3.9394,-4.5455,0.557
4.0606,-4.5455,0.463
4.1818,-4.5455,0.385
4.303,-4.5455,0.32
4.4242,-4.5455,0.266
4.5455,-4.5455,0.221
4.6667,-4.5455,0.184
4.7879,-4.5455,0.153
4.9091,-4.5455,0.127
5.0303,-4.5455,0.106
5.1515,-4.5455,0.088
5.2727,-4.5455,0.073
5.3939,-4.5455,0.061
5.5152,-4.5455,0.05
5.6364,-4.5455,0.042
5.7576,-4.5455,0.035
5.8788,-4.5455,0.029
6.0,-4.5455,0.024
-6.0,-4.4242,33.526
-5.8788,-4.4242,34.174
-5.7576,-4.4242,34.836
-5.6364,-4.4242,35.51
-5.5152,-4.4242,36.196
-5.3939,-4.4242,36.895
-5.2727,-4.4242,37.604
-5.1515,-4.4242,38.324
-5.0303,-4.4242,39.053
-4.9091,-4.4242,39.792
-4.7879,-4.4242,40.54
-4.6667,-4.4242,41.297
-4.5455,-4.4242,42.064
-4.4242,-4.4242,42.843
-4.303,-4.4242,43.637
-4.1818,-4.4242,44.451
-4.0606,-4.4242,45.291
-3.9394,-4.4242,46.168
-3.8182,-4.4242,47.095
-3.697,-4.4242,48.089
-3.5758,-4.4242,49.171
-3.4545,-4.4242,50.367
-3.3333,-4.4242,51.707
-3.2121,-4.4242,53.222
-3.0909,-4.4242,54.947
-2.9697,-4.4242,56.915
-2.8485,-4.4242,59.156
-2.7273,-4.4242,61.693
-2.6061,-4.4242,64.537
-2.4848,-4.4242,67.685
-2.3636,-4.4242,71.113
-2.2424,-4.4242,74.776
-2.1212,-4.4242,78.606
-2.0,-4.4242,82.508
-1.8788,-4.4242,86.368
-1.7576,-4.4242,90.053
-1.6364,-4.4242,93.418
-1.5152,-4.4242,96.316
-1.3939,-4.4242,98.606
-1.2727,-4.4242,100.162
-1.1515,-4.4242,100.887
-1.0303,-4.4242,100.713
-0.9091,-4.4242,99.616
-0.7879,-4.4242,97.608
-0.6667,-4.4242,94.745
-0.5455,-4.4242,91.117
-0.4242,-4.4242,86.843
-0.303,-4.4242,82.062
-0.1818,-4.4242,76.921
-0.0606,-4.4242,71.569
0.0606,-4.4242,66.143
0.1818,-4.4242,60.762
0.303,-4.4242,55.526
0.4242,-4.4242,50.509
0.5455,-4.4242,45.76
0.6667,-4.4242,41.311
0.7879,-4.4242,37.173
0.9091,-4.4242,33.346
1.0303,-4.4242,29.822
1.1515,-4.4242,26.586
1.2727,-4.4242,23.624
1.3939,-4.4242,20.919
1.5152,-4.4242,18.455
1.6364,-4.4242,16.219
1.7576,-4.4242,14.197
1.8788,-4.4242,12.376
2.0,-4.4242,10.743
2.1212,-4.4242,9.287
2.2424,-4.4242,7.994
2.3636,-4.4242,6.852
2.4848,-4.4242,5.85
2.6061,-4.4242,4.975
2.7273,-4.4242,4.215
2.8485,-4.4242,3.559
2.9697,-4.4242,2.995
3.0909,-4.4242,2.514
3.2121,-4.4242,2.105
3.3333,-4.4242,1.759
3.4545,-4.4242,1.467
3.5758,-4.4242,1.222
3.697,-4.4242,1.017
3.8182,-4.4242,0.846
3.9394,-4.4242,0.703
4.0606,-4.4242,0.584
4.1818,-4.4242,0.485
4.303,-4.4242,0.403
4.4242,-4.4242,0.335
4.5455,-4.4242,0.278
4.6667,-4.4242,0.231
4.7879,-4.4242,0.192
4.9091,-4.4242,0.159
5.0303,-4.4242,0.132
5.1515,-4.4242,0.11
5.2727,-4.4242,0.091
5.3939,-4.4242,0.076
5.5152,-4.4242,0.063
5.6364,-4.4242,0.052
5.7576,-4.4242,0.043
5.8788,-4.4242,0.036
6.0,-4.4242,0.03
-6.0,-4.303,34.002
-5.8788,-4.303,34.672
-5.7576,-4.303,35.355
-5.6364,-4.303,36.052
-5.5152,-4.303,36.762
-5.3939,-4.303,37.484
-5.2727,-4.303,38.218
-5.1515,-4.303,38.964
-5.0303,-4.303,39.72
-4.9091,-4.303,40.486
-4.7879,-4.303,41.262
-4.6667,-4.303,42.048
-4.5455,-4.303,42.846
-4.4242,-4.303,43.657
-4.303,-4.303,44.486
-4.1818,-4.303,45.337
-4.0606,-4.303,46.219
-3.9394,-4.303,47.145
-3.8182,-4.303,48.129
-3.697,-4.303,49.192
-3.5758,-4.303,50.36
-3.4545,-4.303,51.663
-3.3333,-4.303,53.135
-3.2121,-4.303,54.815
-3.0909,-4.303,56.745
-2.9697,-4.303,58.963
-2.8485,-4.303,61.506
-2.7273,-4.303,64.401
-2.6061,-4.303,67.663
-2.4848,-4.303,71.29
-2.3636,-4.303,75.256
-2.2424,-4.303,79.511
-2.1212,-4.303,83.976
-2.0,-4.303,88.545
-1.8788,-4.303,93.085
-1.7576,-4.303,97.444
-1.6364,-4.303,101.456
-1.5152,-4.303,104.95
-1.3939,-4.303,107.765
-1.2727,-4.303,109.757
-1.1515,-4.303,110.81
-1.0303,-4.303,110.849
-0.9091,-4.303,109.841
-0.7879,-4.303,107.802
-0.6667,-4.303,104.793
-0.5455,-4.303,100.916
-0.4242,-4.303,96.308
-0.303,-4.303,91.124
-0.1818,-4.303,85.535
-0.0606,-4.303,79.708
0.0606,-4.303,73.798
0.1818,-4.303,67.943
0.303,-4.303,62.253
0.4242,-4.303,56.811
0.5455,-4.303,51.67
0.6667,-4.303,46.862
0.7879,-4.303,42.397
0.9091,-4.303,38.267
1.0303,-4.303,34.459
1.1515,-4.303,30.951
1.2727,-4.303,27.723
1.3939,-4.303,24.754
1.5152,-4.303,22.026
1.6364,-4.303,19.523
1.7576,-4.303,17.232
1.8788,-4.303,15.143
2.0,-4.303,13.244
2.1212,-4.303,11.528
2.2424,-4.303,9.984
2.3636,-4.303,8.604
2.4848,-4.303,7.379
2.6061,-4.303,6.298
2.7273,-4.303,5.35
2.8485,-4.303,4.526
2.9697,-4.303,3.814
3.0909,-4.303,3.202
3.2121,-4.303,2.681
3.3333,-4.303,2.238
3.4545,-4.303,1.865
3.5758,-4.303,1.551
3.697,-4.303,1.289
3.8182,-4.303,1.07
3.9394,-4.303,0.888
4.0606,-4.303,0.737
4.1818,-4.303,0.611
4.303,-4.303,0.507
4.4242,-4.303,0.421
4.5455,-4.303,0.349
4.6667,-4.303,0.29
4.7879,-4.303,0.241
4.9091,-4.303,0.2
5.0303,-4.303,0.166
5.1515,-4.303,0.138
5.2727,-4.303,0.114
5.3939,-4.303,0.095
5.5152,-4.303,0.079
5.6364,-4.303,0.065
5.7576,-4.303,0.054
5.8788,-4.303,0.045
6.0,-4.303,0.037
-6.0,-4.1818,34.482
-5.8788,-4.1818,35.173
-5.7576,-4.1818,35.879
-5.6364,-4.1818,36.599
-5.5152,-4.1818,37.334
-5.3939,-4.1818,38.082
-5.2727,-4.1818,38.842
-5.1515,-4.1818,39.615
-5.0303,-4.1818,40.4
-4.9091,-4.1818,41.195
-4.7879,-4.1818,42.002
-4.6667,-4.1818,42.82
-4.5455,-4.1818,43.651
-4.4242,-4.1818,44.496
-4.303,-4.1818,45.361
-4.1818,-4.1818,46.252
-4.0606,-4.1818,47.178
-3.9394,-4.1818,48.153
-3.8182,-4.1818,49.196
-3.697,-4.1818,50.33
-3.5758,-4.1818,51.585
-3.4545,-4.1818,52.995
-3.3333,-4.1818,54.602
-3.2121,-4.1818,56.451
-3.0909,-4.1818,58.588
-2.9697,-4.1818,61.062
-2.8485,-4.1818,63.914
-2.7273,-4.1818,67.176
-2.6061,-4.1818,70.868
-2.4848,-4.1818,74.988
-2.3636,-4.1818,79.508
-2.2424,-4.1818,84.372
-2.1212,-4.1818,89.491
-2.0,-4.1818,94.746
-1.8788,-4.1818,99.987
-1.7576,-4.1818,105.04
-1.6364,-4.1818,109.717
-1.5152,-4.1818,113.825
-1.3939,-4.1818,117.178
-1.2727,-4.1818,119.614
-1.1515,-4.1818,121.002
-1.0303,-4.1818,121.253
-0.9091,-4.1818,120.33
-0.7879,-4.1818,118.251
-0.6667,-4.1818,115.083
-0.5455,-4.1818,110.942
-0.4242,-4.1818,105.981
-0.303,-4.1818,100.376
-0.1818,-4.1818,94.319
-0.0606,-4.1818,88.0
0.0606,-4.1818,81.595
0.1818,-4.1818,75.258
0.303,-4.1818,69.114
0.4242,-4.1818,63.255
0.5455,-4.1818,57.74
0.6667,-4.1818,52.601
0.7879,-4.1818,47.844
0.9091,-4.1818,43.456
1.0303,-4.1818,39.414
1.1515,-4.1818,35.688
1.2727,-4.1818,32.247
1.3939,-4.1818,29.062
1.5152,-4.1818,26.11
1.6364,-4.1818,23.371
1.7576,-4.1818,20.83
1.8788,-4.1818,18.476
2.0,-4.1818,16.304
2.1212,-4.1818,14.308
2.2424,-4.1818,12.484
2.3636,-4.1818,10.828
2.4848,-4.1818,9.336
2.6061,-4.1818,8.003
2.7273,-4.1818,6.821
2.8485,-4.1818,5.784
2.9697,-4.1818,4.88
3.0909,-4.1818,4.099
3.2121,-4.1818,3.43
3.3333,-4.1818,2.861
3.4545,-4.1818,2.38
3.5758,-4.1818,1.977
3.697,-4.1818,1.639
3.8182,-4.1818,1.358
3.9394,-4.1818,1.125
4.0606,-4.1818,0.932
4.1818,-4.1818,0.772
4.303,-4.1818,0.639
4.4242,-4.1818,0.53
4.5455,-4.1818,0.439
4.6667,-4.1818,0.364
4.7879,-4.1818,0.302
4.9091,-4.1818,0.251
5.0303,-4.1818,0.208
5.1515,-4.1818,0.173
5.2727,-4.1818,0.143
5.3939,-4.1818,0.119
5.5152,-4.1818,0.099
5.6364,-4.1818,0.082
5.7576,-4.1818,0.068
5.8788,-4.1818,0.056
6.0,-4.1818,0.047
-6.0,-4.0606,34.964
-5.8788,-4.0606,35.678
-5.7576,-4.0606,36.407
-5.6364,-4.0606,37.153
-5.5152,-4.0606,37.914
-5.3939,-4.0606,38.689
-5.2727,-4.0606,39.479
-5.1515,-4.0606,40.283
-5.0303,-4.0606,41.099
-4.9091,-4.0606,41.927
-4.7879,-4.0606,42.768
-4.6667,-4.0606,43.621
-4.5455,-4.0606,44.487
-4.4242,-4.0606,45.37
-4.303,-4.0606,46.274
-4.1818,-4.0606,47.206
-4.0606,-4.0606,48.178
-3.9394,-4.0606,49.204
-3.8182,-4.0606,50.306
-3.697,-4.0606,51.51
-3.5758,-4.0606,52.851
-3.4545,-4.0606,54.368
-3.3333,-4.0606,56.108
-3.2121,-4.0606,58.123
-3.0909,-4.0606,60.467
-2.9697,-4.0606,63.193
-2.8485,-4.0606,66.352
-2.7273,-4.0606,69.98
-2.6061,-4.0606,74.1
-2.4848,-4.0606,78.712
-2.3636,-4.0606,83.785
-2.2424,-4.0606,89.258
-2.1212,-4.0606,95.033
-2.0,-4.0606,100.974
-1.8788,-4.0606,106.916
-1.7576,-4.0606,112.665
-1.6364,-4.0606,118.008
-1.5152,-4.0606,122.729
-1.3939,-4.0606,126.622
-1.2727,-4.0606,129.501
-1.1515,-4.0606,131.22
-1.0303,-4.0606,131.68
-0.9091,-4.0606,130.839
-0.7879,-4.0606,128.715
-0.6667,-4.0606,125.382
-0.5455,-4.0606,120.97
-0.4242,-4.0606,115.649
-0.303,-4.0606,109.617
-0.1818,-4.0606,103.088
-0.0606,-4.0606,96.275
0.0606,-4.0606,89.376
0.1818,-4.0606,82.563
0.303,-4.0606,75.977
0.4242,-4.0606,69.72
0.5455,-4.0606,63.86
0.6667,-4.0606,58.428
0.7879,-4.0606,53.428
0.9091,-4.0606,48.84
1.0303,-4.0606,44.63
1.1515,-4.0606,40.758
1.2727,-4.0606,37.179
1.3939,-4.0606,33.853
1.5152,-4.0606,30.744
1.6364,-4.0606,27.825
1.7576,-4.0606,25.076
1.8788,-4.0606,22.485
2.0,-4.0606,20.047
2.1212,-4.0606,17.762
2.2424,-4.0606,15.632
2.3636,-4.0606,13.662
2.4848,-4.0606,11.855
2.6061,-4.0606,10.215
2.7273,-4.0606,8.741
2.8485,-4.0606,7.431
2.9697,-4.0606,6.279
3.0909,-4.0606,5.277
3.2121,-4.0606,4.413
3.3333,-4.0606,3.677
3.4545,-4.0606,3.053
3.5758,-4.0606,2.53
3.697,-4.0606,2.093
3.8182,-4.0606,1.729
3.9394,-4.0606,1.428
4.0606,-4.0606,1.18
4.1818,-4.0606,0.975
4.303,-4.0606,0.806
4.4242,-4.0606,0.667
4.5455,-4.0606,0.552
4.6667,-4.0606,0.458
4.7879,-4.0606,0.379
4.9091,-4.0606,0.315
5.0303,-4.0606,0.261
5.1515,-4.0606,0.216
5.2727,-4.0606,0.18
5.3939,-4.0606,0.149
5.5152,-4.0606,0.124
5.6364,-4.0606,0.103
5.7576,-4.0606,0.085
5.8788,-4.0606,0.071
6.0,-4.0606,0.059
-6.0,-3.9394,35.45
-5.8788,-3.9394,36.187
-5.7576,-3.9394,36.943
-5.6364,-3.9394,37.716
-5.5152,-3.9394,38.505
-5.3939,-3.9394,39.312
-5.2727,-3.9394,40.134
-5.1515,-3.9394,40.972
-5.0303,-3.9394,41.824
-4.9091,-3.9394,42.689
-4.7879,-3.9394,43.568
-4.6667,-3.9394,44.461
-4.5455,-3.9394,45.368
-4.4242,-3.9394,46.293
-4.303,-3.9394,47.24
-4.1818,-3.9394,48.216
-4.0606,-3.9394,49.235
-3.9394,-3.9394,50.314
-3.8182,-3.9394,51.474
-3.697,-3.9394,52.747
-3.5758,-3.9394,54.17
-3.4545,-3.9394,55.788
-3.3333,-3.9394,57.655
-3.2121,-3.9394,59.827
-3.0909,-3.9394,62.368
-2.9697,-3.9394,65.336
-2.8485,-3.9394,68.788
-2.7273,-3.9394,72.767
-2.6061,-3.9394,77.3
-2.4848,-3.9394,82.385
-2.3636,-3.9394,87.993
-2.2424,-3.9394,94.055
-2.1212,-3.9394,100.463
-2.0,-3.9394,107.071
-1.8788,-3.9394,113.693
-1.7576,-3.9394,120.115
-1.6364,-3.9394,126.104
-1.5152,-3.9394,131.421
-1.3939,-3.9394,135.836
-1.2727,-3.9394,139.145
-1.1515,-3.9394,141.185
-1.0303,-3.9394,141.847
-0.9091,-3.9394,141.083
-0.7879,-3.9394,138.912
-0.6667,-3.9394,135.418
-0.5455,-3.9394,130.74
-0.4242,-3.9394,125.067
-0.303,-3.9394,118.619
-0.1818,-3.9394,111.632
-0.0606,-3.9394,104.34
0.0606,-3.9394,96.965
0.1818,-3.9394,89.699
0.303,-3.9394,82.698
0.4242,-3.9394,76.079
0.5455,-3.9394,69.914
0.6667,-3.9394,64.24
0.7879,-3.9394,59.057
0.9091,-3.9394,54.341
1.0303,-3.9394,50.047
1.1515,-3.9394,46.121
1.2727,-3.9394,42.503
1.3939,-3.9394,39.134
1.5152,-3.9394,35.965
1.6364,-3.9394,32.953
1.7576,-3.9394,30.069
1.8788,-3.9394,27.293
2.0,-3.9394,24.621
2.1212,-3.9394,22.054
2.2424,-3.9394,19.603
2.3636,-3.9394,17.282
2.4848,-3.9394,15.108
2.6061,-3.9394,13.096
2.7273,-3.9394,11.257
2.8485,-3.9394,9.6
2.9697,-3.9394,8.127
3.0909,-3.9394,6.834
3.2121,-3.9394,5.713
3.3333,-3.9394,4.752
3.4545,-3.9394,3.938
3.5758,-3.9394,3.254
3.697,-3.9394,2.683
3.8182,-3.9394,2.21
3.9394,-3.9394,1.82
4.0606,-3.9394,1.498
4.1818,-3.9394,1.235
4.303,-3.9394,1.019
4.4242,-3.9394,0.841
4.5455,-3.9394,0.695
4.6667,-3.9394,0.575
4.7879,-3.9394,0.476
4.9091,-3.9394,0.394
5.0303,-3.9394,0.327
5.1515,-3.9394,0.271
5.2727,-3.9394,0.225
5.3939,-3.9394,0.186
5.5152,-3.9394,0.155
5.6364,-3.9394,0.128
5.7576,-3.9394,0.106
5.8788,-3.9394,0.088
6.0,-3.9394,0.073
-6.0,-3.8182,35.939
-5.8788,-3.8182,36.703
-5.7576,-3.8182,37.487
-5.6364,-3.8182,38.29
-5.5152,-3.8182,39.112
-5.3939,-3.8182,39.954
-5.2727,-3.8182,40.813
-5.1515,-3.8182,41.691
-5.0303,-3.8182,42.585
-4.9091,-3.8182,43.494
-4.7879,-3.8182,44.419
-4.6667,-3.8182,45.358
-4.5455,-3.8182,46.312
-4.4242,-3.8182,47.284
-4.303,-3.8182,48.279
-4.1818,-3.8182,49.304
-4.0606,-3.8182,50.373
-3.9394,-3.8182,51.503
-3.8182,-3.8182,52.721
-3.697,-3.8182,54.059
-3.5758,-3.8182,55.558
-3.4545,-3.8182,57.269
-3.3333,-3.8182,59.25
-3.2121,-3.8182,61.566
-3.0909,-3.8182,64.283
-2.9697,-3.8182,67.472
-2.8485,-3.8182,71.192
-2.7273,-3.8182,75.493
-2.6061,-3.8182,80.404
-2.4848,-3.8182,85.927
-2.3636,-3.8182,92.029
-2.2424,-3.8182,98.638
-2.1212,-3.8182,105.635
-2.0,-3.8182,112.863
-1.8788,-3.8182,120.118
-1.7576,-3.8182,127.17
-1.6364,-3.8182,133.763
-1.5152,-3.8182,139.636
-1.3939,-3.8182,144.539
-1.2727,-3.8182,148.25
-1.1515,-3.8182,150.592
-1.0303,-3.8182,151.443
-0.9091,-3.8182,150.753
-0.7879,-3.8182,148.54
-0.6667,-3.8182,144.895
-0.5455,-3.8182,139.97
-0.4242,-3.8182,133.971
-0.303,-3.8182,127.136
-0.1818,-3.8182,119.724
-0.0606,-3.8182,111.991
0.0606,-3.8182,104.18
0.1818,-3.8182,96.503
0.303,-3.8182,89.133
0.4242,-3.8182,82.2
0.5455,-3.8182,75.787
0.6667,-3.8182,69.935
0.7879,-3.8182,64.644
0.9091,-3.8182,59.886
1.0303,-3.8182,55.606
1.1515,-3.8182,51.735
1.2727,-3.8182,48.197
1.3939,-3.8182,44.912
1.5152,-3.8182,41.809
1.6364,-3.8182,38.825
1.7576,-3.8182,35.912
1.8788,-3.8182,33.04
2.0,-3.8182,30.194
2.1212,-3.8182,27.376
2.2424,-3.8182,24.605
2.3636,-3.8182,21.905
2.4848,-3.8182,19.311
2.6061,-3.8182,16.854
2.7273,-3.8182,14.565
2.8485,-3.8182,12.467
2.9697,-3.8182,10.578
3.0909,-3.8182,8.902
3.2121,-3.8182,7.438
3.3333,-3.8182,6.178
3.4545,-3.8182,5.107
3.5758,-3.8182,4.206
3.697,-3.8182,3.455
3.8182,-3.8182,2.835
3.9394,-3.8182,2.325
4.0606,-3.8182,1.908
4.1818,-3.8182,1.567
4.303,-3.8182,1.289
4.4242,-3.8182,1.061
4.5455,-3.8182,0.875
4.6667,-3.8182,0.723
4.7879,-3.8182,0.598
4.9091,-3.8182,0.495
5.0303,-3.8182,0.41
5.1515,-3.8182,0.339
5.2727,-3.8182,0.281
5.3939,-3.8182,0.233
5.5152,-3.8182,0.193
5.6364,-3.8182,0.16
5.7576,-3.8182,0.133
5.8788,-3.8182,0.11
6.0,-3.8182,0.092
-6.0,-3.697,36.435
-5.8788,-3.697,37.228
-5.7576,-3.697,38.043
-5.6364,-3.697,38.881
-5.5152,-3.697,39.741
-5.3939,-3.697,40.623
-5.2727,-3.697,41.527
-5.1515,-3.697,42.452
-5.0303,-3.697,43.396
-4.9091,-3.697,44.358
-4.7879,-3.697,45.337
-4.6667,-3.697,46.332
-4.5455,-3.697,47.342
-4.4242,-3.697,48.37
-4.303,-3.697,49.42
-4.1818,-3.697,50.499
-4.0606,-3.697,51.62
-3.9394,-3.697,52.804
-3.8182,-3.697,54.077
-3.697,-3.697,55.474
-3.5758,-3.697,57.04
-3.4545,-3.697,58.83
-3.3333,-3.697,60.908
-3.2121,-3.697,63.343
-3.0909,-3.697,66.211
-2.9697,-3.697,69.586
-2.8485,-3.697,73.535
-2.7273,-3.697,78.113
-2.6061,-3.697,83.353
-2.4848,-3.697,89.258
-2.3636,-3.697,95.793
-2.2424,-3.697,102.882
-2.1212,-3.697,110.4
-2.0,-3.697,118.176
-1.8788,-3.697,125.994
-1.7576,-3.697,133.604
-1.6364,-3.697,140.735
-1.5152,-3.697,147.104
-1.3939,-3.697,152.445
-1.2727,-3.697,156.518
-1.1515,-3.697,159.13
-1.0303,-3.697,160.155
-0.9091,-3.697,159.534
-0.7879,-3.697,157.288
-0.6667,-3.697,153.514
-0.5455,-3.697,148.376
-0.4242,-3.697,142.092
-0.303,-3.697,134.92
-0.1818,-3.697,127.137
-0.0606,-3.697,119.022
0.0606,-3.697,110.837
0.1818,-3.697,102.812
0.303,-3.697,95.139
0.4242,-3.697,87.961
0.5455,-3.697,81.372
0.6667,-3.697,75.42
0.7879,-3.697,70.109
0.9091,-3.697,65.406
1.0303,-3.697,61.252
1.1515,-3.697,57.563
1.2727,-3.697,54.244
1.3939,-3.697,51.193
1.5152,-3.697,48.312
1.6364,-3.697,45.511
1.7576,-3.697,42.714
1.8788,-3.697,39.869
2.0,-3.697,36.947
2.1212,-3.697,33.942
2.2424,-3.697,30.876
2.3636,-3.697,27.785
2.4848,-3.697,24.722
2.6061,-3.697,21.742
2.7273,-3.697,18.903
2.8485,-3.697,16.252
2.9697,-3.697,13.826
3.0909,-3.697,11.649
3.2121,-3.697,9.732
3.3333,-3.697,8.071
3.4545,-3.697,6.655
3.5758,-3.697,5.462
3.697,-3.697,4.47
3.8182,-3.697,3.652
3.9394,-3.697,2.982
4.0606,-3.697,2.436
4.1818,-3.697,1.993
4.303,-3.697,1.633
4.4242,-3.697,1.34
4.5455,-3.697,1.103
4.6667,-3.697,0.909
4.7879,-3.697,0.75
4.9091,-3.697,0.62
5.0303,-3.697,0.513
5.1515,-3.697,0.425
5.2727,-3.697,0.352
5.3939,-3.697,0.292
5.5152,-3.697,0.242
5.6364,-3.697,0.201
5.7576,-3.697,0.166
5.8788,-3.697,0.138
6.0,-3.697,0.114
-6.0,-3.5758,36.939
-5.8788,-3.5758,37.764
-5.7576,-3.5758,38.616
-5.6364,-3.5758,39.493
-5.5152,-3.5758,40.398
-5.3939,-3.5758,41.329
-5.2727,-3.5758,42.287
-5.1515,-3.5758,43.269
-5.0303,-3.5758,44.275
-4.9091,-3.5758,45.302
-4.7879,-3.5758,46.349
-4.6667,-3.5758,47.412
-4.5455,-3.5758,48.49
-4.4242,-3.5758,49.585
-4.303,-3.5758,50.698
-4.1818,-3.5758,51.839
-4.0606,-3.5758,53.018
-3.9394,-3.5758,54.256
-3.8182,-3.5758,55.58
-3.697,-3.5758,57.029
-3.5758,-3.5758,58.649
-3.4545,-3.5758,60.501
-3.3333,-3.5758,62.651
-3.2121,-3.5758,65.176
-3.0909,-3.5758,68.157
-2.9697,-3.5758,71.673
-2.8485,-3.5758,75.799
-2.7273,-3.5758,80.595
-2.6061,-3.5758,86.095
-2.4848,-3.5758,92.306
-2.3636,-3.5758,99.192
-2.2424,-3.5758,106.673
-2.1212,-3.5758,114.618
-2.0,-3.5758,122.846
-1.8788,-3.5758,131.13
-1.7576,-3.5758,139.206
-1.6364,-3.5758,146.785
-1.5152,-3.5758,153.572
-1.3939,-3.5758,159.281
-1.2727,-3.5758,163.66
-1.1515,-3.5758,166.506
-1.0303,-3.5758,167.682
-0.9091,-3.5758,167.127
-0.7879,-3.5758,164.864
-0.6667,-3.5758,160.992
-0.5455,-3.5758,155.686
-0.4242,-3.5758,149.176
-0.303,-3.5758,141.735
-0.1818,-3.5758,133.659
-0.0606,-3.5758,125.242
0.0606,-3.5758,116.766
0.1818,-3.5758,108.478
0.303,-3.5758,100.587
0.4242,-3.5758,93.25
0.5455,-3.5758,86.573
0.6667,-3.5758,80.614
0.7879,-3.5758,75.381
0.9091,-3.5758,70.845
1.0303,-3.5758,66.939
1.1515,-3.5758,63.571
1.2727,-3.5758,60.627
1.3939,-3.5758,57.981
1.5152,-3.5758,55.504
1.6364,-3.5758,53.07
1.7576,-3.5758,50.571
1.8788,-3.5758,47.92
2.0,-3.5758,45.06
2.1212,-3.5758,41.971
2.2424,-3.5758,38.667
2.3636,-3.5758,35.197
2.4848,-3.5758,31.63
2.6061,-3.5758,28.053
2.7273,-3.5758,24.554
2.8485,-3.5758,21.217
2.9697,-3.5758,18.112
3.0909,-3.5758,15.288
3.2121,-3.5758,12.774
3.3333,-3.5758,10.582
3.4545,-3.5758,8.704
3.5758,-3.5758,7.12
3.697,-3.5758,5.803
3.8182,-3.5758,4.719
3.9394,-3.5758,3.835
4.0606,-3.5758,3.118
4.1818,-3.5758,2.539
4.303,-3.5758,2.072
4.4242,-3.5758,1.695
4.5455,-3.5758,1.39
4.6667,-3.5758,1.143
4.7879,-3.5758,0.942
4.9091,-3.5758,0.777
5.0303,-3.5758,0.642
5.1515,-3.5758,0.532
5.2727,-3.5758,0.44
5.3939,-3.5758,0.365
5.5152,-3.5758,0.302
5.6364,-3.5758,0.251
5.7576,-3.5758,0.208
5.8788,-3.5758,0.172
6.0,-3.5758,0.143
-6.0,-3.4545,37.454
-5.8788,-3.4545,38.317
-5.7576,-3.4545,39.21
-5.6364,-3.4545,40.136
-5.5152,-3.4545,41.094
-5.3939,-3.4545,42.085
-5.2727,-3.4545,43.108
-5.1515,-3.4545,44.163
-5.0303,-3.4545,45.245
-4.9091,-3.4545,46.354
-4.7879,-3.4545,47.484
-4.6667,-3.4545,48.632
-4.5455,-3.4545,49.794
-4.4242,-3.4545,50.971
-4.303,-3.4545,52.162
-4.1818,-3.4545,53.373
-4.0606,-3.4545,54.616
-3.9394,-3.4545,55.909
-3.8182,-3.4545,57.282
-3.697,-3.4545,58.773
-3.5758,-3.4545,60.433
-3.4545,-3.4545,62.322
-3.3333,-3.4545,64.514
-3.2121,-3.4545,67.091
-3.0909,-3.4545,70.137
-2.9697,-3.4545,73.74
-2.8485,-3.4545,77.977
-2.7273,-3.4545,82.914
-2.6061,-3.4545,88.591
-2.4848,-3.4545,95.014
-2.3636,-3.4545,102.148
-2.2424,-3.4545,109.911
-2.1212,-3.4545,118.168
-2.0,-3.4545,126.73
-1.8788,-3.4545,135.362
-1.7576,-3.4545,143.789
-1.6364,-3.4545,151.709
-1.5152,-3.4545,158.815
-1.3939,-3.4545,164.809
-1.2727,-3.4545,169.428
-1.1515,-3.4545,172.46
-1.0303,-3.4545,173.763
-0.9091,-3.4545,173.272
-0.7879,-3.4545,171.01
-0.6667,-3.4545,167.081
-0.5455,-3.4545,161.664
-0.4242,-3.4545,155.003
-0.303,-3.4545,147.38
-0.1818,-3.4545,139.104
-0.0606,-3.4545,130.486
0.0606,-3.4545,121.821
0.1818,-3.4545,113.374
0.303,-3.4545,105.368
0.4242,-3.4545,97.973
0.5455,-3.4545,91.311
0.6667,-3.4545,85.448
0.7879,-3.4545,80.405
0.9091,-3.4545,76.154
1.0303,-3.4545,72.629
1.1515,-3.4545,69.729
1.2727,-3.4545,67.326
1.3939,-3.4545,65.269
1.5152,-3.4545,63.396
1.6364,-3.4545,61.543
1.7576,-3.4545,59.555
1.8788,-3.4545,57.3
2.0,-3.4545,54.684
2.1212,-3.4545,51.657
2.2424,-3.4545,48.217
2.3636,-3.4545,44.413
2.4848,-3.4545,40.333
2.6061,-3.4545,36.094
2.7273,-3.4545,31.828
2.8485,-3.4545,27.662
2.9697,-3.4545,23.71
3.0909,-3.4545,20.063
3.2121,-3.4545,16.78
3.3333,-3.4545,13.893
3.4545,-3.4545,11.405
3.5758,-3.4545,9.301
3.697,-3.4545,7.55
3.8182,-3.4545,6.112
3.9394,-3.4545,4.942
4.0606,-3.4545,3.998
4.1818,-3.4545,3.24
4.303,-3.4545,2.632
4.4242,-3.4545,2.145
4.5455,-3.4545,1.753
4.6667,-3.4545,1.437
4.7879,-3.4545,1.182
4.9091,-3.4545,0.974
5.0303,-3.4545,0.804
5.1515,-3.4545,0.665
5.2727,-3.4545,0.55
5.3939,-3.4545,0.456
5.5152,-3.4545,0.378
5.6364,-3.4545,0.313
5.7576,-3.4545,0.259
5.8788,-3.4545,0.215
6.0,-3.4545,0.178
-6.0,-3.3333,37.984
-5.8788,-3.3333,38.89
-5.7576,-3.3333,39.834
-5.6364,-3.3333,40.817
-5.5152,-3.3333,41.841
-5.3939,-3.3333,42.906
-5.2727,-3.3333,44.011
-5.1515,-3.3333,45.155
-5.0303,-3.3333,46.334
-4.9091,-3.3333,47.545
-4.7879,-3.3333,48.78
-4.6667,-3.3333,50.035
-4.5455,-3.3333,51.303
-4.4242,-3.3333,52.581
-4.303,-3.3333,53.865
-4.1818,-3.3333,55.161
-4.0606,-3.3333,56.476
-3.9394,-3.3333,57.828
-3.8182,-3.3333,59.246
-3.697,-3.3333,60.769
-3.5758,-3.3333,62.448
-3.4545,-3.3333,64.348
-3.3333,-3.3333,66.546
-3.2121,-3.3333,69.128
-3.0909,-3.3333,72.184
-2.9697,-3.3333,75.805
-2.8485,-3.3333,80.077
-2.7273,-3.3333,85.068
-2.6061,-3.3333,90.821
-2.4848,-3.3333,97.346
-2.3636,-3.3333,104.609
-2.2424,-3.3333,112.527
-2.1212,-3.3333,120.962
-2.0,-3.3333,129.722
-1.8788,-3.3333,138.565
-1.7576,-3.3333,147.209
-1.6364,-3.3333,155.346
-1.5152,-3.3333,162.658
-1.3939,-3.3333,168.842
-1.2727,-3.3333,173.626
-1.1515,-3.3333,176.792
-1.0303,-3.3333,178.193
-0.9091,-3.3333,177.765
-0.7879,-3.3333,175.527
-0.6667,-3.3333,171.587
-0.5455,-3.3333,166.13
-0.4242,-3.3333,159.402
-0.303,-3.3333,151.697
-0.1818,-3.3333,143.331
-0.0606,-3.3333,134.628
0.0606,-3.3333,125.893
0.1818,-3.3333,117.405
0.303,-3.3333,109.399
0.4242,-3.3333,102.062
0.5455,-3.3333,95.526
0.6667,-3.3333,89.874
0.7879,-3.3333,85.136
0.9091,-3.3333,81.294
1.0303,-3.3333,78.284
1.1515,-3.3333,76.004
1.2727,-3.3333,74.312
1.3939,-3.3333,73.035
1.5152,-3.3333,71.978
1.6364,-3.3333,70.931
1.7576,-3.3333,69.69
1.8788,-3.3333,68.067
2.0,-3.3333,65.915
2.1212,-3.3333,63.139
2.2424,-3.3333,59.709
2.3636,-3.3333,55.661
2.4848,-3.3333,51.095
2.6061,-3.3333,46.158
2.7273,-3.3333,41.029
2.8485,-3.3333,35.89
2.9697,-3.3333,30.915
3.0909,-3.3333,26.246
3.2121,-3.3333,21.99
3.3333,-3.3333,18.21
3.4545,-3.3333,14.932
3.5758,-3.3333,12.148
3.697,-3.3333,9.827
3.8182,-3.3333,7.92
3.9394,-3.3333,6.373
4.0606,-3.3333,5.13
4.1818,-3.3333,4.136
4.303,-3.3333,3.345
4.4242,-3.3333,2.714
4.5455,-3.3333,2.211
4.6667,-3.3333,1.807
4.7879,-3.3333,1.483
4.9091,-3.3333,1.22
5.0303,-3.3333,1.006
5.1515,-3.3333,0.831
5.2727,-3.3333,0.687
5.3939,-3.3333,0.569
5.5152,-3.3333,0.471
5.6364,-3.3333,0.391
5.7576,-3.3333,0.324
5.8788,-3.3333,0.268
6.0,-3.3333,0.222
-6.0,-3.2121,38.533
-5.8788,-3.2121,39.491
-5.7576,-3.2121,40.496
-5.6364,-3.2121,41.549
-5.5152,-3.2121,42.654
-5.3939,-3.2121,43.81
-5.2727,-3.2121,45.017
-5.1515,-3.2121,46.274
-5.0303,-3.2121,47.575
-4.9091,-3.2121,48.914
-4.7879,-3.2121,50.283
-4.6667,-3.2121,51.673
-4.5455,-3.2121,53.073
-4.4242,-3.2121,54.477
-4.303,-3.2121,55.877
-4.1818,-3.2121,57.273
-4.0606,-3.2121,58.672
-3.9394,-3.2121,60.088
-3.8182,-3.2121,61.547
-3.697,-3.2121,63.09
-3.5758,-3.2121,64.767
-3.4545,-3.2121,66.647
-3.3333,-3.2121,68.809
-3.2121,-3.2121,71.342
-3.0909,-3.2121,74.343
-2.9697,-3.2121,77.907
-2.8485,-3.2121,82.125
-2.7273,-3.2121,87.069
-2.6061,-3.2121,92.787
-2.4848,-3.2121,99.291
-2.3636,-3.2121,106.551
-2.2424,-3.2121,114.483
-2.1212,-3.2121,122.949
-2.0,-3.2121,131.756
-1.8788,-3.2121,140.661
-1.7576,-3.2121,149.377
-1.6364,-3.2121,157.595
-1.5152,-3.2121,164.992
-1.3939,-3.2121,171.261
-1.2727,-3.2121,176.128
-1.1515,-3.2121,179.372
-1.0303,-3.2121,180.843
-0.9091,-3.2121,180.475
-0.7879,-3.2121,178.289
-0.6667,-3.2121,174.391
-0.5455,-3.2121,168.968
-0.4242,-3.2121,162.269
-0.303,-3.2121,154.591
-0.1818,-3.2121,146.256
-0.0606,-3.2121,137.593
0.0606,-3.2121,128.917
0.1818,-3.2121,120.515
0.303,-3.2121,112.635
0.4242,-3.2121,105.475
0.5455,-3.2121,99.184
0.6667,-3.2121,93.859
0.7879,-3.2121,89.544
0.9091,-3.2121,86.233
1.0303,-3.2121,83.871
1.1515,-3.2121,82.356
1.2727,-3.2121,81.539
1.3939,-3.2121,81.228
1.5152,-3.2121,81.195
1.6364,-3.2121,81.185
1.7576,-3.2121,80.936
1.8788,-3.2121,80.198
2.0,-3.2121,78.758
2.1212,-3.2121,76.46
2.2424,-3.2121,73.228
2.3636,-3.2121,69.074
2.4848,-3.2121,64.097
2.6061,-3.2121,58.467
2.7273,-3.2121,52.41
2.8485,-3.2121,46.174
2.9697,-3.2121,40.0
3.0909,-3.2121,34.104
3.2121,-3.2121,28.651
3.3333,-3.2121,23.756
3.4545,-3.2121,19.476
3.5758,-3.2121,15.82
3.697,-3.2121,12.762
3.8182,-3.2121,10.249
3.9394,-3.2121,8.211
4.0606,-3.2121,6.578
4.1818,-3.2121,5.278
4.303,-3.2121,4.249
4.4242,-3.2121,3.433
4.5455,-3.2121,2.786
4.6667,-3.2121,2.271
4.7879,-3.2121,1.859
4.9091,-3.2121,1.526
5.0303,-3.2121,1.257
5.1515,-3.2121,1.038
5.2727,-3.2121,0.858
5.3939,-3.2121,0.71
5.5152,-3.2121,0.588
5.6364,-3.2121,0.487
5.7576,-3.2121,0.404
5.8788,-3.2121,0.334
6.0,-3.2121,0.277
-6.0,-3.0909,39.106
-5.8788,-3.0909,40.127
-5.7576,-3.0909,41.205
-5.6364,-3.0909,42.344
-5.5152,-3.0909,43.548
-5.3939,-3.0909,44.818
-5.2727,-3.0909,46.153
-5.1515,-3.0909,47.55
-5.0303,-3.0909,49.004
-4.9091,-3.0909,50.506
-4.7879,-3.0909,52.043
-4.6667,-3.0909,53.602
-4.5455,-3.0909,55.169
-4.4242,-3.0909,56.729
-4.303,-3.0909,58.272
-4.1818,-3.0909,59.792
-4.0606,-3.0909,61.289
-3.9394,-3.0909,62.775
-3.8182,-3.0909,64.273
-3.697,-3.0909,65.822
-3.5758,-3.0909,67.474
-3.4545,-3.0909,69.298
-3.3333,-3.0909,71.376
-3.2121,-3.0909,73.801
-3.0909,-3.0909,76.675
-2.9697,-3.0909,80.098
-2.8485,-3.0909,84.165
-2.7273,-3.0909,88.953
-2.6061,-3.0909,94.515
-2.4848,-3.0909,100.868
-2.3636,-3.0909,107.982
-2.2424,-3.0909,115.778
-2.1212,-3.0909,124.12
-2.0,-3.0909,132.817
-1.8788,-3.0909,141.626
-1.7576,-3.0909,150.264
-1.6364,-3.0909,158.421
-1.5152,-3.0909,165.777
-1.3939,-3.0909,172.025
-1.2727,-3.0909,176.891
-1.1515,-3.0909,180.155
-1.0303,-3.0909,181.667
-0.9091,-3.0909,181.36
-0.7879,-3.0909,179.254
-0.6667,-3.0909,175.454
-0.5455,-3.0909,170.144
-0.4242,-3.0909,163.573
-0.303,-3.0909,156.036
-0.1818,-3.0909,147.857
-0.0606,-3.0909,139.365
0.0606,-3.0909,130.879
0.1818,-3.0909,122.694
0.303,-3.0909,115.065
0.4242,-3.0909,108.204
0.5455,-3.0909,102.274
0.6667,-3.0909,97.388
0.7879,-3.0909,93.607
0.9091,-3.0909,90.941
1.0303,-3.0909,89.349
1.1515,-3.0909,88.732
1.2727,-3.0909,88.939
1.3939,-3.0909,89.762
1.5152,-3.0909,90.944
1.6364,-3.0909,92.186
1.7576,-3.0909,93.167
1.8788,-3.0909,93.566
2.0,-3.0909,93.095
2.1212,-3.0909,91.526
2.2424,-3.0909,88.719
2.3636,-3.0909,84.643
2.4848,-3.0909,79.38
2.6061,-3.0909,73.115
2.7273,-3.0909,66.115
2.8485,-3.0909,58.694
2.9697,-3.0909,51.174
3.0909,-3.0909,43.855
3.2121,-3.0909,36.982
3.3333,-3.0909,30.736
3.4545,-3.0909,25.221
3.5758,-3.0909,20.479
3.697,-3.0909,16.493
3.8182,-3.0909,13.209
3.9394,-3.0909,10.545
4.0606,-3.0909,8.413
4.1818,-3.0909,6.722
4.303,-3.0909,5.387
4.4242,-3.0909,4.336
4.5455,-3.0909,3.507
4.6667,-3.0909,2.85
4.7879,-3.0909,2.327
4.9091,-3.0909,1.908
5.0303,-3.0909,1.569
5.1515,-3.0909,1.294
5.2727,-3.0909,1.069
5.3939,-3.0909,0.885
5.5152,-3.0909,0.733
5.6364,-3.0909,0.607
5.7576,-3.0909,0.503
5.8788,-3.0909,0.417
6.0,-3.0909,0.345
-6.0,-2.9697,39.71
-5.8788,-2.9697,40.805
-5.7576,-2.9697,41.972
-5.6364,-2.9697,43.216
-5.5152,-2.9697,44.542
-5.3939,-2.9697,45.952
-5.2727,-2.9697,47.446
-5.1515,-2.9697,49.019
-5.0303,-2.9697,50.664
-4.9091,-2.9697,52.367
-4.7879,-2.9697,54.114
-4.6667,-2.9697,55.885
-4.5455,-2.9697,57.659
-4.4242,-2.9697,59.415
-4.303,-2.9697,61.134
-4.1818,-2.9697,62.803
-4.0606,-2.9697,64.418
-3.9394,-2.9697,65.983
-3.8182,-2.9697,67.519
-3.697,-2.9697,69.062
-3.5758,-2.9697,70.663
-3.4545,-2.9697,72.392
-3.3333,-2.9697,74.334
-3.2121,-2.9697,76.587
-3.0909,-2.9697,79.256
-2.9697,-2.9697,82.447
-2.8485,-2.9697,86.26
-2.7273,-2.9697,90.778
-2.6061,-2.9697,96.058
-2.4848,-2.9697,102.121
-2.3636,-2.9697,108.944
-2.2424,-2.9697,116.451
-2.1212,-2.9697,124.512
-2.0,-2.9697,132.94
-1.8788,-2.9697,141.497
-1.7576,-2.9697,149.906
-1.6364,-2.9697,157.862
-1.5152,-2.9697,165.052
-1.3939,-2.9697,171.173
-1.2727,-2.9697,175.957
-1.1515,-2.9697,179.186
-1.0303,-2.9697,180.712
-0.9091,-2.9697,180.468
-0.7879,-2.9697,178.472
-0.6667,-2.9697,174.825
-0.5455,-2.9697,169.709
-0.4242,-2.9697,163.364
-0.303,-2.9697,156.083
-0.1818,-2.9697,148.182
-0.0606,-2.9697,139.989
0.0606,-2.9697,131.822
0.1818,-2.9697,123.979
0.303,-2.9697,116.722
0.4242,-2.9697,110.274
0.5455,-2.9697,104.812
0.6667,-2.9697,100.466
0.7879,-2.9697,97.317
0.9091,-2.9697,95.394
1.0303,-2.9697,94.67
1.1515,-2.9697,95.06
1.2727,-2.9697,96.411
1.3939,-2.9697,98.507
1.5152,-2.9697,101.064
1.6364,-2.9697,103.741
1.7576,-2.9697,106.159
1.8788,-2.9697,107.927
2.0,-2.9697,108.672
2.1212,-2.9697,108.083
2.2424,-2.9697,105.944
2.3636,-2.9697,102.164
2.4848,-2.9697,96.791
2.6061,-2.9697,90.008
2.7273,-2.9697,82.113
2.8485,-2.9697,73.481
2.9697,-2.9697,64.518
3.0909,-2.9697,55.62
3.2121,-2.9697,47.128
3.3333,-2.9697,39.304
3.4545,-2.9697,32.323
3.5758,-2.9697,26.269
3.697,-2.9697,21.148
3.8182,-2.9697,16.91
3.9394,-2.9697,13.467
4.0606,-2.9697,10.711
4.1818,-2.9697,8.527
4.303,-2.9697,6.809
4.4242,-2.9697,5.461
4.5455,-2.9697,4.402
4.6667,-2.9697,3.569
4.7879,-2.9697,2.908
4.9091,-2.9697,2.38
5.0303,-2.9697,1.956
5.1515,-2.9697,1.612
5.2727,-2.9697,1.331
5.3939,-2.9697,1.101
5.5152,-2.9697,0.912
5.6364,-2.9697,0.756
5.7576,-2.9697,0.626
5.8788,-2.9697,0.519
6.0,-2.9697,0.43
-6.0,-2.8485,40.35
-5.8788,-2.8485,41.534
-5.7576,-2.8485,42.808
-5.6364,-2.8485,44.18
-5.5152,-2.8485,45.655
-5.3939,-2.8485,47.237
-5.2727,-2.8485,48.925
-5.1515,-2.8485,50.715
-5.0303,-2.8485,52.595
-4.9091,-2.8485,54.549
-4.7879,-2.8485,56.555
-4.6667,-2.8485,58.588
-4.5455,-2.8485,60.617
-4.4242,-2.8485,62.614
-4.303,-2.8485,64.549
-4.1818,-2.8485,66.4
-4.0606,-2.8485,68.155
-3.9394,-2.8485,69.812
-3.8182,-2.8485,71.386
-3.697,-2.8485,72.909
-3.5758,-2.8485,74.432
-3.4545,-2.8485,76.026
-3.3333,-2.8485,77.777
-3.2121,-2.8485,79.789
-3.0909,-2.8485,82.171
-2.9697,-2.8485,85.035
-2.8485,-2.8485,88.487
-2.7273,-2.8485,92.616
-2.6061,-2.8485,97.486
-2.4848,-2.8485,103.123
-2.3636,-2.8485,109.511
-2.2424,-2.8485,116.579
-2.1212,-2.8485,124.205
-2.0,-2.8485,132.209
-1.8788,-2.8485,140.364
-1.7576,-2.8485,148.4
-1.6364,-2.8485,156.023
-1.5152,-2.8485,162.93
-1.3939,-2.8485,168.826
-1.2727,-2.8485,173.452
-1.1515,-2.8485,176.596
-1.0303,-2.8485,178.113
-0.9091,-2.8485,177.937
-0.7879,-2.8485,176.082
-0.6667,-2.8485,172.646
-0.5455,-2.8485,167.799
-0.4242,-2.8485,161.776
-0.303,-2.8485,154.857
-0.1818,-2.8485,147.35
-0.0606,-2.8485,139.575
0.0606,-2.8485,131.846
0.1818,-2.8485,124.46
0.303,-2.8485,117.682
0.4242,-2.8485,111.746
0.5455,-2.8485,106.841
0.6667,-2.8485,103.117
0.7879,-2.8485,100.676
0.9091,-2.8485,99.566
1.0303,-2.8485,99.781
1.1515,-2.8485,101.25
1.2727,-2.8485,103.828
1.3939,-2.8485,107.29
1.5152,-2.8485,111.332
1.6364,-2.8485,115.579
1.7576,-2.8485,119.593
1.8788,-2.8485,122.913
2.0,-2.8485,125.084
2.1212,-2.8485,125.705
2.2424,-2.8485,124.473
2.3636,-2.8485,121.223
2.4848,-2.8485,115.952
2.6061,-2.8485,108.823
2.7273,-2.8485,100.149
2.8485,-2.8485,90.355
2.9697,-2.8485,79.929
3.0909,-2.8485,69.363
3.2121,-2.8485,59.106
3.3333,-2.8485,49.521
3.4545,-2.8485,40.865
3.5758,-2.8485,33.284
3.697,-2.8485,26.822
3.8182,-2.8485,21.445
3.9394,-2.8485,17.059
4.0606,-2.8485,13.541
4.1818,-2.8485,10.753
4.303,-2.8485,8.562
4.4242,-2.8485,6.848
4.5455,-2.8485,5.507
4.6667,-2.8485,4.455
4.7879,-2.8485,3.624
4.9091,-2.8485,2.963
5.0303,-2.8485,2.433
5.1515,-2.8485,2.004
5.2727,-2.8485,1.655
5.3939,-2.8485,1.369
5.5152,-2.8485,1.134
5.6364,-2.8485,0.939
5.7576,-2.8485,0.779
5.8788,-2.8485,0.646
6.0,-2.8485,0.535
-6.0,-2.7273,41.032
-5.8788,-2.7273,42.322
-5.7576,-2.7273,43.724
-5.6364,-2.7273,45.249
-5.5152,-2.7273,46.904
-5.3939,-2.7273,48.694
-5.2727,-2.7273,50.619
-5.1515,-2.7273,52.672
-5.0303,-2.7273,54.839
-4.9091,-2.7273,57.098
-4.7879,-2.7273,59.421
-4.6667,-2.7273,61.773
-4.5455,-2.7273,64.114
-4.4242,-2.7273,66.403
-4.303,-2.7273,68.6
-4.1818,-2.7273,70.672
-4.0606,-2.7273,72.595
-3.9394,-2.7273,74.359
-3.8182,-2.7273,75.972
-3.697,-2.7273,77.462
-3.5758,-2.7273,78.879
-3.4545,-2.7273,80.295
-3.3333,-2.7273,81.798
-3.2121,-2.7273,83.497
-3.0909,-2.7273,85.508
-2.9697,-2.7273,87.948
-2.8485,-2.7273,90.932
-2.7273,-2.7273,94.555
-2.6061,-2.7273,98.889
-2.4848,-2.7273,103.967
-2.3636,-2.7273,109.78
-2.2424,-2.7273,116.268
-2.1212,-2.7273,123.315
-2.0,-2.7273,130.754
-1.8788,-2.7273,138.368
-1.7576,-2.7273,145.9
-1.6364,-2.7273,153.071
-1.5152,-2.7273,159.59
-1.3939,-2.7273,165.176
-1.2727,-2.7273,169.579
-1.1515,-2.7273,172.597
-1.0303,-2.7273,174.089
-0.9091,-2.7273,173.988
-0.7879,-2.7273,172.308
-0.6667,-2.7273,169.136
-0.5455,-2.7273,164.633
-0.4242,-2.7273,159.019
-0.303,-2.7273,152.561
-0.1818,-2.7273,145.552
-0.0606,-2.7273,138.299
0.0606,-2.7273,131.11
0.1818,-2.7273,124.275
0.303,-2.7273,118.064
0.4242,-2.7273,112.716
0.5455,-2.7273,108.435
0.6667,-2.7273,105.387
0.7879,-2.7273,103.697
0.9091,-2.7273,103.436
1.0303,-2.7273,104.622
1.1515,-2.7273,107.199
1.2727,-2.7273,111.032
1.3939,-2.7273,115.898
1.5152,-2.7273,121.477
1.6364,-2.7273,127.359
1.7576,-2.7273,133.061
1.8788,-2.7273,138.052
2.0,-2.7273,141.799
2.1212,-2.7273,143.809
2.2424,-2.7273,143.69
2.3636,-2.7273,141.194
2.4848,-2.7273,136.251
2.6061,-2.7273,128.988
2.7273,-2.7273,119.715
2.8485,-2.7273,108.891
2.9697,-2.7273,97.071
3.0909,-2.7273,84.842
3.2121,-2.7273,72.762
3.3333,-2.7273,61.303
3.4545,-2.7273,50.82
3.5758,-2.7273,41.539
3.697,-2.7273,33.556
3.8182,-2.7273,26.864
3.9394,-2.7273,21.377
4.0606,-2.7273,16.959
4.1818,-2.7273,13.452
4.303,-2.7273,10.694
4.4242,-2.7273,8.539
4.5455,-2.7273,6.855
4.6667,-2.7273,5.537
4.7879,-2.7273,4.5
4.9091,-2.7273,3.676
5.0303,-2.7273,3.018
5.1515,-2.7273,2.486
5.2727,-2.7273,2.053
5.3939,-2.7273,1.699
5.5152,-2.7273,1.407
5.6364,-2.7273,1.167
5.7576,-2.7273,0.967
5.8788,-2.7273,0.802
6.0,-2.7273,0.665
-6.0,-2.6061,41.76
-5.8788,-2.6061,43.176
-5.7576,-2.6061,44.73
-5.6364,-2.6061,46.436
-5.5152,-2.6061,48.305
-5.3939,-2.6061,50.345
-5.2727,-2.6061,52.553
-5.1515,-2.6061,54.921
-5.0303,-2.6061,57.432
-4.9091,-2.6061,60.058
-4.7879,-2.6061,62.761
-4.6667,-2.6061,65.496
-4.5455,-2.6061,68.211
-4.4242,-2.6061,70.851
-4.303,-2.6061,73.361
-4.1818,-2.6061,75.696
-4.0606,-2.6061,77.818
-3.9394,-2.6061,79.708
-3.8182,-2.6061,81.364
-3.697,-2.6061,82.81
-3.5758,-2.6061,84.094
-3.4545,-2.6061,85.287
-3.3333,-2.6061,86.485
-3.2121,-2.6061,87.799
-3.0909,-2.6061,89.352
-2.9697,-2.6061,91.273
-2.8485,-2.6061,93.683
-2.7273,-2.6061,96.687
-2.6061,-2.6061,100.364
-2.4848,-2.6061,104.758
-2.3636,-2.6061,109.869
-2.2424,-2.6061,115.646
-2.1212,-2.6061,121.986
-2.0,-2.6061,128.734
-1.8788,-2.6061,135.686
-1.7576,-2.6061,142.604
-1.6364,-2.6061,149.222
-1.5152,-2.6061,155.267
-1.3939,-2.6061,160.473
-1.2727,-2.6061,164.604
-1.1515,-2.6061,167.467
-1.0303,-2.6061,168.927
-0.9091,-2.6061,168.918
-0.7879,-2.6061,167.446
-0.6667,-2.6061,164.592
-0.5455,-2.6061,160.5
-0.4242,-2.6061,155.375
-0.303,-2.6061,149.463
-0.1818,-2.6061,143.039
-0.0606,-2.6061,136.396
0.0606,-2.6061,129.827
0.1818,-2.6061,123.617
0.303,-2.6061,118.033
0.4242,-2.6061,113.32
0.5455,-2.6061,109.696
0.6667,-2.6061,107.344
0.7879,-2.6061,106.411
0.9091,-2.6061,106.995
1.0303,-2.6061,109.133
1.1515,-2.6061,112.793
1.2727,-2.6061,117.854
1.3939,-2.6061,124.094
1.5152,-2.6061,131.185
1.6364,-2.6061,138.692
1.7576,-2.6061,146.089
1.8788,-2.6061,152.788
2.0,-2.6061,158.18
2.1212,-2.6061,161.689
2.2424,-2.6061,162.833
2.3636,-2.6061,161.276
2.4848,-2.6061,156.877
2.6061,-2.6061,149.711
2.7273,-2.6061,140.067
2.8485,-2.6061,128.417
2.9697,-2.6061,115.367
3.0909,-2.6061,101.586
3.2121,-2.6061,87.731
3.3333,-2.6061,74.386
3.4545,-2.6061,62.015
3.5758,-2.6061,50.931
3.697,-2.6061,41.301
3.8182,-2.6061,33.159
3.9394,-2.6061,26.436
4.0606,-2.6061,20.994
4.1818,-2.6061,16.658
4.303,-2.6061,13.241
4.4242,-2.6061,10.567
4.5455,-2.6061,8.479
4.6667,-2.6061,6.846
4.7879,-2.6061,5.562
4.9091,-2.6061,4.544
5.0303,-2.6061,3.731
5.1515,-2.6061,3.074
5.2727,-2.6061,2.541
5.3939,-2.6061,2.104
5.5152,-2.6061,1.744
5.6364,-2.6061,1.446
5.7576,-2.6061,1.2
5.8788,-2.6061,0.996
6.0,-2.6061,0.826
-6.0,-2.4848,42.54
-5.8788,-2.4848,44.1
-5.7576,-2.4848,45.831
-5.6364,-2.4848,47.75
-5.5152,-2.4848,49.871
-5.3939,-2.4848,52.202
-5.2727,-2.4848,54.744
-5.1515,-2.4848,57.484
-5.0303,-2.4848,60.401
-4.9091,-2.4848,63.459
-4.7879,-2.4848,66.611
-4.6667,-2.4848,69.799
-4.5455,-2.4848,72.955
-4.4242,-2.4848,76.008
-4.303,-2.4848,78.889
-4.1818,-2.4848,81.533
-4.0606,-2.4848,83.889
-3.9394,-2.4848,85.924
-3.8182,-2.4848,87.629
-3.697,-2.4848,89.02
-3.5758,-2.4848,90.143
-3.4545,-2.4848,91.072
-3.3333,-2.4848,91.906
-3.2121,-2.4848,92.764
-3.0909,-2.4848,93.779
-2.9697,-2.4848,95.087
-2.8485,-2.4848,96.822
-2.7273,-2.4848,99.1
-2.6061,-2.4848,102.01
-2.4848,-2.4848,105.607
-2.3636,-2.4848,109.902
-2.2424,-2.4848,114.856
-2.1212,-2.4848,120.379
-2.0,-2.4848,126.33
-1.8788,-2.4848,132.524
-1.7576,-2.4848,138.738
-1.6364,-2.4848,144.727
-1.5152,-2.4848,150.234
-1.3939,-2.4848,155.013
-1.2727,-2.4848,158.841
-1.1515,-2.4848,161.537
-1.0303,-2.4848,162.97
-0.9091,-2.4848,163.075
-0.7879,-2.4848,161.853
-0.6667,-2.4848,159.369
-0.5455,-2.4848,155.753
-0.4242,-2.4848,151.186
-0.303,-2.4848,145.893
-0.1818,-2.4848,140.127
-0.0606,-2.4848,134.158
0.0606,-2.4848,128.266
0.1818,-2.4848,122.723
0.303,-2.4848,117.796
0.4242,-2.4848,113.733
0.5455,-2.4848,110.762
0.6667,-2.4848,109.086
0.7879,-2.4848,108.873
0.9091,-2.4848,110.245
1.0303,-2.4848,113.267
1.1515,-2.4848,117.926
1.2727,-2.4848,124.12
1.3939,-2.4848,131.632
1.5152,-2.4848,140.132
1.6364,-2.4848,149.167
1.7576,-2.4848,158.177
1.8788,-2.4848,166.526
2.0,-2.4848,173.54
2.1212,-2.4848,178.569
2.2424,-2.4848,181.047
2.3636,-2.4848,180.558
2.4848,-2.4848,176.882
2.6061,-2.4848,170.035
2.7273,-2.4848,160.27
2.8485,-2.4848,148.055
2.9697,-2.4848,134.023
3.0909,-2.4848,118.904
3.2121,-2.4848,103.44
3.3333,-2.4848,88.32
3.4545,-2.4848,74.109
3.5758,-2.4848,61.221
3.697,-2.4848,49.9
3.8182,-2.4848,40.235
3.9394,-2.4848,32.189
4.0606,-2.4848,25.631
4.1818,-2.4848,20.377
4.303,-2.4848,16.22
4.4242,-2.4848,12.958
4.5455,-2.4848,10.406
4.6667,-2.4848,8.408
4.7879,-2.4848,6.836
4.9091,-2.4848,5.59
5.0303,-2.4848,4.594
5.1515,-2.4848,3.79
5.2727,-2.4848,3.135
5.3939,-2.4848,2.598
5.5152,-2.4848,2.156
5.6364,-2.4848,1.79
5.7576,-2.4848,1.486
5.8788,-2.4848,1.234
6.0,-2.4848,1.024
-6.0,-2.3636,43.371
-5.8788,-2.3636,45.097
-5.7576,-2.3636,47.031
-5.6364,-2.3636,49.195
-5.5152,-2.3636,51.606
-5.3939,-2.3636,54.275
-5.2727,-2.3636,57.202
-5.1515,-2.3636,60.372
-5.0303,-2.3636,63.759
-4.9091,-2.3636,67.318
-4.7879,-2.3636,70.99
-4.6667,-2.3636,74.702
-4.5455,-2.3636,78.369
-4.4242,-2.3636,81.902
-4.303,-2.3636,85.211
-4.1818,-2.3636,88.212
-4.0606,-2.3636,90.839
-3.9394,-2.3636,93.042
-3.8182,-2.3636,94.802
-3.697,-2.3636,96.129
-3.5758,-2.3636,97.067
-3.4545,-2.3636,97.691
-3.3333,-2.3636,98.106
-3.2121,-2.3636,98.44
-3.0909,-2.3636,98.837
-2.9697,-2.3636,99.447
-2.8485,-2.3636,100.415
-2.7273,-2.3636,101.87
-2.6061,-2.3636,103.915
-2.4848,-2.3636,106.618
-2.3636,-2.3636,110.001
-2.2424,-2.3636,114.04
-2.1212,-2.3636,118.659
-2.0,-2.3636,123.734
-1.8788,-2.3636,129.097
-1.7576,-2.3636,134.546
-1.6364,-2.3636,139.854
-1.5152,-2.3636,144.786
-1.3939,-2.3636,149.115
-1.2727,-2.3636,152.632
-1.1515,-2.3636,155.167
-1.0303,-2.3636,156.597
-0.9091,-2.3636,156.853
-0.7879,-2.3636,155.927
-0.6667,-2.3636,153.871
-0.5455,-2.3636,150.792
-0.4242,-2.3636,146.848
-0.303,-2.3636,142.235
-0.1818,-2.3636,137.18
-0.0606,-2.3636,131.93
0.0606,-2.3636,126.744
0.1818,-2.3636,121.883
0.303,-2.3636,117.608
0.4242,-2.3636,114.17
0.5455,-2.3636,111.809
0.6667,-2.3636,110.743
0.7879,-2.3636,111.163
0.9091,-2.3636,113.218
1.0303,-2.3636,116.995
1.1515,-2.3636,122.509
1.2727,-2.3636,129.672
1.3939,-2.3636,138.282
1.5152,-2.3636,148.008
1.6364,-2.3636,158.386
1.7576,-2.3636,168.835
1.8788,-2.3636,178.679
2.0,-2.3636,187.195
2.1212,-2.3636,193.67
2.2424,-2.3636,197.469
2.3636,-2.3636,198.097
2.4848,-2.3636,195.267
2.6061,-2.3636,188.93
2.7273,-2.3636,179.292
2.8485,-2.3636,166.801
2.9697,-2.3636,152.095
3.0909,-2.3636,135.941
3.2121,-2.3636,119.145
3.3333,-2.3636,102.479
3.4545,-2.3636,86.604
3.5758,-2.3636,72.027
3.697,-2.3636,59.076
3.8182,-2.3636,47.905
3.9394,-2.3636,38.517
4.0606,-2.3636,30.802
4.1818,-2.3636,24.578
4.303,-2.3636,19.625
4.4242,-2.3636,15.719
4.5455,-2.3636,12.653
4.6667,-2.3636,10.245
4.7879,-2.3636,8.346
4.9091,-2.3636,6.838
5.0303,-2.3636,5.629
5.1515,-2.3636,4.652
5.2727,-2.3636,3.855
5.3939,-2.3636,3.2
5.5152,-2.3636,2.659
5.6364,-2.3636,2.21
5.7576,-2.3636,1.837
5.8788,-2.3636,1.526
6.0,-2.3636,1.268
-6.0,-2.2424,44.253
-5.8788,-2.2424,46.165
-5.7576,-2.2424,48.328
-5.6364,-2.2424,50.768
-5.5152,-2.2424,53.508
-5.3939,-2.2424,56.559
-5.2727,-2.2424,59.922
-5.1515,-2.2424,63.581
-5.0303,-2.2424,67.5
-4.9091,-2.2424,71.628
-4.7879,-2.2424,75.89
-4.6667,-2.2424,80.197
-4.5455,-2.2424,84.445
-4.4242,-2.2424,88.523
-4.303,-2.2424,92.318
-4.1818,-2.2424,95.726
-4.0606,-2.2424,98.659
-3.9394,-2.2424,101.054
-3.8182,-2.2424,102.877
-3.697,-2.2424,104.133
-3.5758,-2.2424,104.862
-3.4545,-2.2424,105.143
-3.3333,-2.2424,105.089
-3.2121,-2.2424,104.837
-3.0909,-2.2424,104.547
-2.9697,-2.2424,104.381
-2.8485,-2.2424,104.501
-2.7273,-2.2424,105.051
-2.6061,-2.2424,106.149
-2.4848,-2.2424,107.877
-2.3636,-2.2424,110.274
-2.2424,-2.2424,113.328
-2.1212,-2.2424,116.982
-2.0,-2.2424,121.128
-1.8788,-2.2424,125.617
-1.7576,-2.2424,130.267
-1.6364,-2.2424,134.874
-1.5152,-2.2424,139.223
-1.3939,-2.2424,143.106
-1.2727,-2.2424,146.33
-1.1515,-2.2424,148.737
-1.0303,-2.2424,150.205
-0.9091,-2.2424,150.665
-0.7879,-2.2424,150.096
-0.6667,-2.2424,148.532
-0.5455,-2.2424,146.056
-0.4242,-2.2424,142.794
-0.303,-2.2424,138.914
-0.1818,-2.2424,134.61
-0.0606,-2.2424,130.102
0.0606,-2.2424,125.626
0.1818,-2.2424,121.43
0.303,-2.2424,117.767
0.4242,-2.2424,114.891
0.5455,-2.2424,113.051
0.6667,-2.2424,112.484
0.7879,-2.2424,113.402
0.9091,-2.2424,115.977
1.0303,-2.2424,120.327
1.1515,-2.2424,126.487
1.2727,-2.2424,134.391
1.3939,-2.2424,143.852
1.5152,-2.2424,154.544
1.6364,-2.2424,166.002
1.7576,-2.2424,177.628
1.8788,-2.2424,188.724
2.0,-2.2424,198.53
2.1212,-2.2424,206.285
2.2424,-2.2424,211.299
2.3636,-2.2424,213.016
2.4848,-2.2424,211.085
2.6061,-2.2424,205.396
2.7273,-2.2424,196.106
2.8485,-2.2424,183.628
2.9697,-2.2424,168.588
3.0909,-2.2424,151.764
3.2121,-2.2424,134.0
3.3333,-2.2424,116.126
3.4545,-2.2424,98.88
3.5758,-2.2424,82.851
3.697,-2.2424,68.444
3.8182,-2.2424,55.882
3.9394,-2.2424,45.219
4.0606,-2.2424,36.376
4.1818,-2.2424,29.18
4.303,-2.2424,23.413
4.4242,-2.2424,18.835
4.5455,-2.2424,15.221
4.6667,-2.2424,12.369
4.7879,-2.2424,10.11
4.9091,-2.2424,8.308
5.0303,-2.2424,6.859
5.1515,-2.2424,5.683
5.2727,-2.2424,4.72
5.3939,-2.2424,3.926
5.5152,-2.2424,3.268
5.6364,-2.2424,2.721
5.7576,-2.2424,2.265
5.8788,-2.2424,1.885
6.0,-2.2424,1.567
-6.0,-2.1212,45.18
-5.8788,-2.1212,47.298
-5.7576,-2.1212,49.713
-5.6364,-2.1212,52.46
-5.5152,-2.1212,55.563
-5.3939,-2.1212,59.039
-5.2727,-2.1212,62.886
-5.1515,-2.1212,67.086
-5.0303,-2.1212,71.598
-4.9091,-2.1212,76.357
-4.7879,-2.1212,81.276
-4.6667,-2.1212,86.244
-4.5455,-2.1212,91.138
-4.4242,-2.1212,95.82
-4.303,-2.1212,100.156
-4.1818,-2.1212,104.015
-4.0606,-2.1212,107.29
-3.9394,-2.1212,109.898
-3.8182,-2.1212,111.794
-3.697,-2.1212,112.973
-3.5758,-2.1212,113.474
-3.4545,-2.1212,113.38
-3.3333,-2.1212,112.813
-3.2121,-2.1212,111.923
-3.0909,-2.1212,110.885
-2.9697,-2.1212,109.879
-2.8485,-2.1212,109.084
-2.7273,-2.1212,108.663
-2.6061,-2.1212,108.752
-2.4848,-2.1212,109.448
-2.3636,-2.1212,110.806
-2.2424,-2.1212,112.833
-2.1212,-2.1212,115.486
-2.0,-2.1212,118.678
-1.8788,-2.1212,122.279
-1.7576,-2.1212,126.129
-1.6364,-2.1212,130.044
-1.5152,-2.1212,133.833
-1.3939,-2.1212,137.304
-1.2727,-2.1212,140.283
-1.1515,-2.1212,142.619
-1.0303,-2.1212,144.194
-0.9091,-2.1212,144.932
-0.7879,-2.1212,144.799
-0.6667,-2.1212,143.805
-0.5455,-2.1212,142.004
-0.4242,-2.1212,139.489
-0.303,-2.1212,136.39
-0.1818,-2.1212,132.866
-0.0606,-2.1212,129.106
0.0606,-2.1212,125.322
0.1818,-2.1212,121.744
0.303,-2.1212,118.618
0.4242,-2.1212,116.2
0.5455,-2.1212,114.75
0.6667,-2.1212,114.521
0.7879,-2.1212,115.749
0.9091,-2.1212,118.633
1.0303,-2.1212,123.315
1.1515,-2.1212,129.856
1.2727,-2.1212,138.213
1.3939,-2.1212,148.215
1.5152,-2.1212,159.548
1.6364,-2.1212,171.749
1.7576,-2.1212,184.22
1.8788,-2.1212,196.247
2.0,-2.1212,207.05
2.1212,-2.1212,215.839
2.2424,-2.1212,221.883
2.3636,-2.1212,224.582
2.4848,-2.1212,223.532
2.6061,-2.1212,218.571
2.7273,-2.1212,209.806
2.8485,-2.1212,197.607
2.9697,-2.1212,182.572
3.0909,-2.1212,165.469
3.2121,-2.1212,147.154
3.3333,-2.1212,128.489
3.4545,-2.1212,110.261
3.5758,-2.1212,93.12
3.697,-2.1212,77.542
3.8182,-2.1212,63.809
3.9394,-2.1212,52.03
4.0606,-2.1212,42.163
4.1818,-2.1212,34.059
4.303,-2.1212,27.506
4.4242,-2.1212,22.263
4.5455,-2.1212,18.093
4.6667,-2.1212,14.779
4.7879,-2.1212,12.137
4.9091,-2.1212,10.017
5.0303,-2.1212,8.303
5.1515,-2.1212,6.903
5.2727,-2.1212,5.752
5.3939,-2.1212,4.798
5.5152,-2.1212,4.004
5.6364,-2.1212,3.341
5.7576,-2.1212,2.786
5.8788,-2.1212,2.322
6.0,-2.1212,1.933
-6.0,-2.0,46.144
-5.8788,-2.0,48.484
-5.7576,-2.0,51.172
-5.6364,-2.0,54.25
-5.5152,-2.0,57.748
-5.3939,-2.0,61.683
-5.2727,-2.0,66.056
-5.1515,-2.0,70.844
-5.0303,-2.0,75.999
-4.9091,-2.0,81.444
-4.7879,-2.0,87.074
-4.6667,-2.0,92.762
-4.5455,-2.0,98.356
-4.4242,-2.0,103.696
-4.303,-2.0,108.619
-4.1818,-2.0,112.97
-4.0606,-2.0,116.616
-3.9394,-2.0,119.457
-3.8182,-2.0,121.433
-3.697,-2.0,122.531
-3.5758,-2.0,122.79
-3.4545,-2.0,122.297
-3.3333,-2.0,121.182
-3.2121,-2.0,119.613
-3.0909,-2.0,117.781
-2.9697,-2.0,115.886
-2.8485,-2.0,114.129
-2.7273,-2.0,112.692
-2.6061,-2.0,111.729
-2.4848,-2.0,111.358
-2.3636,-2.0,111.651
-2.2424,-2.0,112.633
-2.1212,-2.0,114.279
-2.0,-2.0,116.521
-1.8788,-2.0,119.251
-1.7576,-2.0,122.329
-1.6364,-2.0,125.595
-1.5152,-2.0,128.877
-1.3939,-2.0,132.005
-1.2727,-2.0,134.817
-1.1515,-2.0,137.171
-1.0303,-2.0,138.95
-0.9091,-2.0,140.068
-0.7879,-2.0,140.473
-0.6667,-2.0,140.147
-0.5455,-2.0,139.109
-0.4242,-2.0,137.413
-0.303,-2.0,135.144
-0.1818,-2.0,132.425
-0.0606,-2.0,129.408
0.0606,-2.0,126.275
0.1818,-2.0,123.241
0.303,-2.0,120.543
0.4242,-2.0,118.44
0.5455,-2.0,117.204
0.6667,-2.0,117.108
0.7879,-2.0,118.412
0.9091,-2.0,121.341
1.0303,-2.0,126.066
1.1515,-2.0,132.673
1.2727,-2.0,141.144
1.3939,-2.0,151.326
1.5152,-2.0,162.921
1.6364,-2.0,175.478
1.7576,-2.0,188.403
1.8788,-2.0,200.984
2.0,-2.0,212.432
2.1212,-2.0,221.945
2.2424,-2.0,228.77
2.3636,-2.0,232.279
2.4848,-2.0,232.028
2.6061,-2.0,227.814
2.7273,-2.0,219.697
2.8485,-2.0,208.002
2.9697,-2.0,193.288
3.0909,-2.0,176.293
3.2121,-2.0,157.861
3.3333,-2.0,138.859
3.4545,-2.0,120.097
3.5758,-2.0,102.264
3.697,-2.0,85.881
3.8182,-2.0,71.287
3.9394,-2.0,58.636
4.0606,-2.0,47.928
4.1818,-2.0,39.045
4.303,-2.0,31.791
4.4242,-2.0,25.932
4.5455,-2.0,21.229
4.6667,-2.0,17.458
4.7879,-2.0,14.427
4.9091,-2.0,11.975
5.0303,-2.0,9.976
5.1515,-2.0,8.332
5.2727,-2.0,6.97
5.3939,-2.0,5.835
5.5152,-2.0,4.884
5.6364,-2.0,4.086
5.7576,-2.0,3.416
5.8788,-2.0,2.852
6.0,-2.0,2.379
-6.0,-1.8788,47.131
-5.8788,-1.8788,49.704
-5.7576,-1.8788,52.682
-5.6364,-1.8788,56.11
-5.5152,-1.8788,60.024
-5.3939,-1.8788,64.446
-5.2727,-1.8788,69.375
-5.1515,-1.8788,74.786
-5.0303,-1.8788,80.621
-4.9091,-1.8788,86.793
-4.7879,-1.8788,93.178
-4.6667,-1.8788,99.627
-4.5455,-1.8788,105.964
-4.4242,-1.8788,112.001
-4.303,-1.8788,117.546
-4.1818,-1.8788,122.418
-4.0606,-1.8788,126.459
-3.9394,-1.8788,129.549
-3.8182,-1.8788,131.611
-3.697,-1.8788,132.628
-3.5758,-1.8788,132.635
-3.4545,-1.8788,131.725
-3.3333,-1.8788,130.042
-3.2121,-1.8788,127.767
-3.0909,-1.8788,125.113
-2.9697,-1.8788,122.301
-2.8485,-1.8788,119.555
-2.7273,-1.8788,117.078
-2.6061,-1.8788,115.048
-2.4848,-1.8788,113.601
-2.3636,-1.8788,112.829
-2.2424,-1.8788,112.775
-2.1212,-1.8788,113.436
-2.0,-1.8788,114.762
-1.8788,-1.8788,116.666
-1.7576,-1.8788,119.032
-1.6364,-1.8788,121.721
-1.5152,-1.8788,124.584
-1.3939,-1.8788,127.467
-1.2727,-1.8788,130.225
-1.1515,-1.8788,132.719
-1.0303,-1.8788,134.832
-0.9091,-1.8788,136.463
-0.7879,-1.8788,137.537
-0.6667,-1.8788,138.003
-0.5455,-1.8788,137.837
-0.4242,-1.8788,137.046
-0.303,-1.8788,135.668
-0.1818,-1.8788,133.777
-0.0606,-1.8788,131.488
0.0606,-1.8788,128.952
0.1818,-1.8788,126.364
0.303,-1.8788,123.955
0.4242,-1.8788,121.988
0.5455,-1.8788,120.751
0.6667,-1.8788,120.538
0.7879,-1.8788,121.638
0.9091,-1.8788,124.306
1.0303,-1.8788,128.741
1.1515,-1.8788,135.059
1.2727,-1.8788,143.265
1.3939,-1.8788,153.23
1.5152,-1.8788,164.675
1.6364,-1.8788,177.166
1.7576,-1.8788,190.123
1.8788,-1.8788,202.844
2.0,-1.8788,214.549
2.1212,-1.8788,224.438
2.2424,-1.8788,231.752
2.3636,-1.8788,235.85
2.4848,-1.8788,236.267
2.6061,-1.8788,232.765
2.7273,-1.8788,225.366
2.8485,-1.8788,214.349
2.9697,-1.8788,200.226
3.0909,-1.8788,183.694
3.2121,-1.8788,165.562
3.3333,-1.8788,146.679
3.4545,-1.8788,127.851
3.5758,-1.8788,109.78
3.697,-1.8788,93.015
3.8182,-1.8788,77.928
3.9394,-1.8788,64.716
4.0606,-1.8788,53.416
4.1818,-1.8788,43.943
4.303,-1.8788,36.125
4.4242,-1.8788,29.743
4.5455,-1.8788,24.566
4.6667,-1.8788,20.371
4.7879,-1.8788,16.964
4.9091,-1.8788,14.179
5.0303,-1.8788,11.886
5.1515,-1.8788,9.984
5.2727,-1.8788,8.393
5.3939,-1.8788,7.057
5.5152,-1.8788,5.93
5.6364,-1.8788,4.977
5.7576,-1.8788,4.173
5.8788,-1.8788,3.493
6.0,-1.8788,2.919
-6.0,-1.7576,48.123
-5.8788,-1.7576,50.937
-5.7576,-1.7576,54.212
-5.6364,-1.7576,58.0
-5.5152,-1.7576,62.343
-5.3939,-1.7576,67.266
-5.2727,-1.7576,72.769
-5.1515,-1.7576,78.821
-5.0303,-1.7576,85.359
-4.9091,-1.7576,92.28
-4.7879,-1.7576,99.444
-4.6667,-1.7576,106.677
-4.5455,-1.7576,113.781
-4.4242,-1.7576,120.537
-4.303,-1.7576,126.724
-4.1818,-1.7576,132.134
-4.0606,-1.7576,136.583
-3.9394,-1.7576,139.93
-3.8182,-1.7576,142.085
-3.697,-1.7576,143.02
-3.5758,-1.7576,142.773
-3.4545,-1.7576,141.441
-3.3333,-1.7576,139.18
-3.2121,-1.7576,136.192
-3.0909,-1.7576,132.707
-2.9697,-1.7576,128.973
-2.8485,-1.7576,125.235
-2.7273,-1.7576,121.722
-2.6061,-1.7576,118.634
-2.4848,-1.7576,116.128
-2.3636,-1.7576,114.318
-2.2424,-1.7576,113.267
-2.1212,-1.7576,112.991
-2.0,-1.7576,113.462
-1.8788,-1.7576,114.616
-1.7576,-1.7576,116.358
-1.6364,-1.7576,118.574
-1.5152,-1.7576,121.135
-1.3939,-1.7576,123.907
-1.2727,-1.7576,126.755
-1.1515,-1.7576,129.548
-1.0303,-1.7576,132.158
-0.9091,-1.7576,134.471
-0.7879,-1.7576,136.378
-0.6667,-1.7576,137.79
-0.5455,-1.7576,138.631
-0.4242,-1.7576,138.852
-0.303,-1.7576,138.437
-0.1818,-1.7576,137.406
-0.0606,-1.7576,135.828
0.0606,-1.7576,133.823
0.1818,-1.7576,131.564
0.303,-1.7576,129.278
0.4242,-1.7576,127.237
0.5455,-1.7576,125.746
0.6667,-1.7576,125.131
0.7879,-1.7576,125.71
0.9091,-1.7576,127.773
1.0303,-1.7576,131.553
1.1515,-1.7576,137.197
1.2727,-1.7576,144.736
1.3939,-1.7576,154.067
1.5152,-1.7576,164.934
1.6364,-1.7576,176.924
1.7576,-1.7576,189.48
1.8788,-1.7576,201.919
2.0,-1.7576,213.482
2.1212,-1.7576,223.383
2.2424,-1.7576,230.875
2.3636,-1.7576,235.317
2.4848,-1.7576,236.234
2.6061,-1.7576,233.37
2.7273,-1.7576,226.712
2.8485,-1.7576,216.494
2.9697,-1.7576,203.179
3.0909,-1.7576,187.41
3.2121,-1.7576,169.951
3.3333,-1.7576,151.608
3.4545,-1.7576,133.163
3.5758,-1.7576,115.306
3.697,-1.7576,98.591
3.8182,-1.7576,83.408
3.9394,-1.7576,69.983
4.0606,-1.7576,58.383
4.1818,-1.7576,48.554
4.303,-1.7576,40.352
4.4242,-1.7576,33.581
4.5455,-1.7576,28.022
4.6667,-1.7576,23.465
4.7879,-1.7576,19.717
4.9091,-1.7576,16.617
5.0303,-1.7576,14.034
5.1515,-1.7576,11.867
5.2727,-1.7576,10.035
5.3939,-1.7576,8.482
5.5152,-1.7576,7.159
5.6364,-1.7576,6.033
5.7576,-1.7576,5.075
5.8788,-1.7576,4.261
6.0,-1.7576,3.57
-6.0,-1.6364,49.099
-5.8788,-1.6364,52.153
-5.7576,-1.6364,55.725
-5.6364,-1.6364,59.873
-5.5152,-1.6364,64.646
-5.3939,-1.6364,70.07
-5.2727,-1.6364,76.146
-5.1515,-1.6364,82.841
-5.0303,-1.6364,90.081
-4.9091,-1.6364,97.751
-4.7879,-1.6364,105.694
-4.6667,-1.6364,113.714
-4.5455,-1.6364,121.584
-4.4242,-1.6364,129.06
-4.303,-1.6364,135.89
-4.1818,-1.6364,141.839
-4.0606,-1.6364,146.697
-3.9394,-1.6364,150.303
-3.8182,-1.6364,152.553
-3.697,-1.6364,153.411
-3.5758,-1.6364,152.913
-3.4545,-1.6364,151.165
-3.3333,-1.6364,148.336
-3.2121,-1.6364,144.644
-3.0909,-1.6364,140.344
-2.9697,-1.6364,135.707
-2.8485,-1.6364,131.002
-2.7273,-1.6364,126.484
-2.6061,-1.6364,122.376
-2.4848,-1.6364,118.858
-2.3636,-1.6364,116.065
-2.2424,-1.6364,114.081
-2.1212,-1.6364,112.944
-2.0,-1.6364,112.648
-1.8788,-1.6364,113.152
-1.7576,-1.6364,114.387
-1.6364,-1.6364,116.26
-1.5152,-1.6364,118.667
-1.3939,-1.6364,121.49
-1.2727,-1.6364,124.607
-1.1515,-1.6364,127.887
-1.0303,-1.6364,131.195
-0.9091,-1.6364,134.391
-0.7879,-1.6364,137.331
-0.6667,-1.6364,139.873
-0.5455,-1.6364,141.885
-0.4242,-1.6364,143.251
-0.303,-1.6364,143.889
-0.1818,-1.6364,143.759
-0.0606,-1.6364,142.879
0.0606,-1.6364,141.332
0.1818,-1.6364,139.272
0.303,-1.6364,136.922
0.4242,-1.6364,134.57
0.5455,-1.6364,132.546
0.6667,-1.6364,131.21
0.7879,-1.6364,130.921
0.9091,-1.6364,132.01
1.0303,-1.6364,134.748
1.1515,-1.6364,139.316
1.2727,-1.6364,145.778
1.3939,-1.6364,154.056
1.5152,-1.6364,163.92
1.6364,-1.6364,174.985
1.7576,-1.6364,186.719
1.8788,-1.6364,198.468
2.0,-1.6364,209.503
2.1212,-1.6364,219.063
2.2424,-1.6364,226.424
2.3636,-1.6364,230.959
2.4848,-1.6364,232.197
2.6061,-1.6364,229.868
2.7273,-1.6364,223.932
2.8485,-1.6364,214.586
2.9697,-1.6364,202.237
3.0909,-1.6364,187.473
3.2121,-1.6364,170.993
3.3333,-1.6364,153.553
3.4545,-1.6364,135.886
3.5758,-1.6364,118.655
3.697,-1.6364,102.398
3.8182,-1.6364,87.507
3.9394,-1.6364,74.219
4.0606,-1.6364,62.625
4.1818,-1.6364,52.699
4.303,-1.6364,44.322
4.4242,-1.6364,37.323
4.5455,-1.6364,31.505
4.6667,-1.6364,26.671
4.7879,-1.6364,22.641
4.9091,-1.6364,19.262
5.0303,-1.6364,16.407
5.1515,-1.6364,13.98
5.2727,-1.6364,11.904
5.3939,-1.6364,10.122
5.5152,-1.6364,8.59
5.6364,-1.6364,7.273
5.7576,-1.6364,6.142
5.8788,-1.6364,5.175
6.0,-1.6364,4.35
-6.0,-1.5152,50.035
-5.8788,-1.5152,53.322
-5.7576,-1.5152,57.18
-5.6364,-1.5152,61.677
-5.5152,-1.5152,66.864
-5.3939,-1.5152,72.773
-5.2727,-1.5152,79.404
-5.1515,-1.5152,86.719
-5.0303,-1.5152,94.639
-4.9091,-1.5152,103.034
-4.7879,-1.5152,111.73
-4.6667,-1.5152,120.51
-4.5455,-1.5152,129.122
-4.4242,-1.5152,137.294
-4.303,-1.5152,144.747
-4.1818,-1.5152,151.217
-4.0606,-1.5152,156.472
-3.9394,-1.5152,160.33
-3.8182,-1.5152,162.673
-3.697,-1.5152,163.459
-3.5758,-1.5152,162.723
-3.4545,-1.5152,160.578
-3.3333,-1.5152,157.206
-3.2121,-1.5152,152.845
-3.0909,-1.5152,147.769
-2.9697,-1.5152,142.275
-2.8485,-1.5152,136.657
-2.7273,-1.5152,131.193
-2.6061,-1.5152,126.131
-2.4848,-1.5152,121.675
-2.3636,-1.5152,117.98
-2.2424,-1.5152,115.154
-2.1212,-1.5152,113.256
-2.0,-1.5152,112.305
-1.8788,-1.5152,112.285
-1.7576,-1.5152,113.15
-1.6364,-1.5152,114.836
-1.5152,-1.5152,117.259
-1.3939,-1.5152,120.323
-1.2727,-1.5152,123.914
-1.1515,-1.5152,127.903
-1.0303,-1.5152,132.139
-0.9091,-1.5152,136.452
-0.7879,-1.5152,140.655
-0.6667,-1.5152,144.545
-0.5455,-1.5152,147.92
-0.4242,-1.5152,150.587
-0.303,-1.5152,152.387
-0.1818,-1.5152,153.212
-0.0606,-1.5152,153.02
0.0606,-1.5152,151.857
0.1818,-1.5152,149.858
0.303,-1.5152,147.246
0.4242,-1.5152,144.327
0.5455,-1.5152,141.469
0.6667,-1.5152,139.075
0.7879,-1.5152,137.553
0.9091,-1.5152,137.284
1.0303,-1.5152,138.584
1.1515,-1.5152,141.675
1.2727,-1.5152,146.654
1.3939,-1.5152,153.475
1.5152,-1.5152,161.936
1.6364,-1.5152,171.68
1.7576,-1.5152,182.205
1.8788,-1.5152,192.893
2.0,-1.5152,203.047
2.1212,-1.5152,211.943
2.2424,-1.5152,218.889
2.3636,-1.5152,223.281
2.4848,-1.5152,224.658
2.6061,-1.5152,222.749
2.7273,-1.5152,217.492
2.8485,-1.5152,209.045
2.9697,-1.5152,197.766
3.0909,-1.5152,184.176
3.2121,-1.5152,168.911
3.3333,-1.5152,152.658
3.4545,-1.5152,136.094
3.5758,-1.5152,119.835
3.697,-1.5152,104.389
3.8182,-1.5152,90.133
3.9394,-1.5152,77.306
4.0606,-1.5152,66.012
4.1818,-1.5152,56.243
4.303,-1.5152,47.907
4.4242,-1.5152,40.857
4.5455,-1.5152,34.917
4.6667,-1.5152,29.913
4.7879,-1.5152,25.678
4.9091,-1.5152,22.073
5.0303,-1.5152,18.98
5.1515,-1.5152,16.312
5.2727,-1.5152,13.997
5.3939,-1.5152,11.984
5.5152,-1.5152,10.232
5.6364,-1.5152,8.711
5.7576,-1.5152,7.392
5.8788,-1.5152,6.254
6.0,-1.5152,5.276
-6.0,-1.3939,50.905
-5.8788,-1.3939,54.408
-5.7576,-1.3939,58.533
-5.6364,-1.3939,63.353
-5.5152,-1.3939,68.926
-5.3939,-1.3939,75.285
-5.2727,-1.3939,82.431
-5.1515,-1.3939,90.323
-5.0303,-1.3939,98.873
-4.9091,-1.3939,107.941
-4.7879,-1.3939,117.337
-4.6667,-1.3939,126.823
-4.5455,-1.3939,136.124
-4.4242,-1.3939,144.943
-4.303,-1.3939,152.974
-4.1818,-1.3939,159.93
-4.0606,-1.3939,165.554
-3.9394,-1.3939,169.647
-3.8182,-1.3939,172.078
-3.697,-1.3939,172.799
-3.5758,-1.3939,171.845
-3.4545,-1.3939,169.336
-3.3333,-1.3939,165.467
-3.2121,-1.3939,160.491
-3.0909,-1.3939,154.705
-2.9697,-1.3939,148.427
-2.8485,-1.3939,141.977
-2.7273,-1.3939,135.657
-2.6061,-1.3939,129.736
-2.4848,-1.3939,124.441
-2.3636,-1.3939,119.952
-2.2424,-1.3939,116.398
-2.1212,-1.3939,113.862
-2.0,-1.3939,112.388
-1.8788,-1.3939,111.986
-1.7576,-1.3939,112.639
-1.6364,-1.3939,114.31
-1.5152,-1.3939,116.941
-1.3939,-1.3939,120.454
-1.2727,-1.3939,124.746
-1.1515,-1.3939,129.684
-1.0303,-1.3939,135.101
-0.9091,-1.3939,140.791
-0.7879,-1.3939,146.512
-0.6667,-1.3939,151.991
-0.5455,-1.3939,156.942
-0.4242,-1.3939,161.086
-0.303,-1.3939,164.174
-0.1818,-1.3939,166.019
-0.0606,-1.3939,166.516
0.0606,-1.3939,165.666
0.1818,-1.3939,163.586
0.303,-1.3939,160.505
0.4242,-1.3939,156.758
0.5455,-1.3939,152.756
0.6667,-1.3939,148.958
0.7879,-1.3939,145.835
0.9091,-1.3939,143.825
1.0303,-1.3939,143.299
1.1515,-1.3939,144.526
1.2727,-1.3939,147.641
1.3939,-1.3939,152.634
1.5152,-1.3939,159.331
1.6364,-1.3939,167.405
1.7576,-1.3939,176.386
1.8788,-1.3939,185.692
2.0,-1.3939,194.666
2.1212,-1.3939,202.623
2.2424,-1.3939,208.909
2.3636,-1.3939,212.949
2.4848,-1.3939,214.301
2.6061,-1.3939,212.694
2.7273,-1.3939,208.053
2.8485,-1.3939,200.499
2.9697,-1.3939,190.339
3.0909,-1.3939,178.031
3.2121,-1.3939,164.138
3.3333,-1.3939,149.274
3.4545,-1.3939,134.051
3.5758,-1.3939,119.027
3.697,-1.3939,104.668
3.8182,-1.3939,91.327
3.9394,-1.3939,79.232
4.0606,-1.3939,68.491
4.1818,-1.3939,59.11
4.303,-1.3939,51.017
4.4242,-1.3939,44.088
4.5455,-1.3939,38.171
4.6667,-1.3939,33.111
4.7879,-1.3939,28.762
4.9091,-1.3939,24.997
5.0303,-1.3939,21.716
5.1515,-1.3939,18.837
5.2727,-1.3939,16.302
5.3939,-1.3939,14.065
5.5152,-1.3939,12.092
5.6364,-1.3939,10.358
5.7576,-1.3939,8.838
5.8788,-1.3939,7.514
6.0,-1.3939,6.366
-6.0,-1.2727,51.684
-5.8788,-1.2727,55.378
-5.7576,-1.2727,59.738
-5.6364,-1.2727,64.844
-5.5152,-1.2727,70.758
-5.3939,-1.2727,77.514
-5.2727,-1.2727,85.115
-5.1515,-1.2727,93.516
-5.0303,-1.2727,102.624
-4.9091,-1.2727,112.287
-4.7879,-1.2727,122.301
-4.6667,-1.2727,132.41
-4.5455,-1.2727,142.32
-4.4242,-1.2727,151.71
-4.303,-1.2727,160.253
-4.1818,-1.2727,167.637
-4.0606,-1.2727,173.588
-3.9394,-1.2727,177.89
-3.8182,-1.2727,180.4
-3.697,-1.2727,181.066
-3.5758,-1.2727,179.922
-3.4545,-1.2727,177.094
-3.3333,-1.2727,172.789
-3.2121,-1.2727,167.276
-3.0909,-1.2727,160.869
-2.9697,-1.2727,153.909
-2.8485,-1.2727,146.736
-2.7273,-1.2727,139.674
-2.6061,-1.2727,133.015
-2.4848,-1.2727,127.008
-2.3636,-1.2727,121.855
-2.2424,-1.2727,117.706
-2.1212,-1.2727,114.672
-2.0,-1.2727,112.822
-1.8788,-1.2727,112.195
-1.7576,-1.2727,112.806
-1.6364,-1.2727,114.646
-1.5152,-1.2727,117.684
-1.3939,-1.2727,121.864
-1.2727,-1.2727,127.092
-1.1515,-1.2727,133.232
-1.0303,-1.2727,140.094
-0.9091,-1.2727,147.43
-0.7879,-1.2727,154.935
-0.6667,-1.2727,162.255
-0.5455,-1.2727,169.009
-0.4242,-1.2727,174.816
-0.303,-1.2727,179.328
-0.1818,-1.2727,182.267
-0.0606,-1.2727,183.458
0.0606,-1.2727,182.856
0.1818,-1.2727,180.559
0.303,-1.2727,176.809
0.4242,-1.2727,171.975
0.5455,-1.2727,166.525
0.6667,-1.2727,160.988
0.7879,-1.2727,155.906
0.9091,-1.2727,151.79
1.0303,-1.2727,149.075
1.1515,-1.2727,148.083
1.2727,-1.2727,148.996
1.3939,-1.2727,151.835
1.5152,-1.2727,156.462
1.6364,-1.2727,162.577
1.7576,-1.2727,169.743
1.8788,-1.2727,177.414
2.0,-1.2727,184.972
2.1212,-1.2727,191.775
2.2424,-1.2727,197.206
2.3636,-1.2727,200.725
2.4848,-1.2727,201.91
2.6061,-1.2727,200.499
2.7273,-1.2727,196.4
2.8485,-1.2727,189.705
2.9697,-1.2727,180.669
3.0909,-1.2727,169.688
3.2121,-1.2727,157.25
3.3333,-1.2727,143.896
3.4545,-1.2727,130.163
3.5758,-1.2727,116.549
3.697,-1.2727,103.47
3.8182,-1.2727,91.246
3.9394,-1.2727,80.086
4.0606,-1.2727,70.096
4.1818,-1.2727,61.289
4.303,-1.2727,53.611
4.4242,-1.2727,46.956
4.5455,-1.2727,41.195
4.6667,-1.2727,36.193
4.7879,-1.2727,31.823
4.9091,-1.2727,27.977
5.0303,-1.2727,24.565
5.1515,-1.2727,21.52
5.2727,-1.2727,18.794
5.3939,-1.2727,16.351
5.5152,-1.2727,14.165
5.6364,-1.2727,12.217
5.7576,-1.2727,10.49
5.8788,-1.2727,8.968
6.0,-1.2727,7.636
-6.0,-1.1515,52.348
-5.8788,-1.1515,56.199
-5.7576,-1.1515,60.755
-5.6364,-1.1515,66.097
-5.5152,-1.1515,72.292
-5.3939,-1.1515,79.377
-5.2727,-1.1515,87.353
-5.1515,-1.1515,96.175
-5.0303,-1.1515,105.742
-4.9091,-1.1515,115.895
-4.7879,-1.1515,126.419
-4.6667,-1.1515,137.043
-4.5455,-1.1515,147.456
-4.4242,-1.1515,157.317
-4.303,-1.1515,166.282
-4.1818,-1.1515,174.02
-4.0606,-1.1515,180.241
-3.9394,-1.1515,184.716
-3.8182,-1.1515,187.293
-3.697,-1.1515,187.914
-3.5758,-1.1515,186.614
-3.4545,-1.1515,183.526
-3.3333,-1.1515,178.864
-3.2121,-1.1515,172.91
-3.0909,-1.1515,165.996
-2.9697,-1.1515,158.477
-2.8485,-1.1515,150.715
-2.7273,-1.1515,143.052
-2.6061,-1.1515,135.799
-2.4848,-1.1515,129.226
-2.3636,-1.1515,123.555
-2.2424,-1.1515,118.963
-2.1212,-1.1515,115.582
-2.0,-1.1515,113.513
-1.8788,-1.1515,112.825
-1.7576,-1.1515,113.565
-1.6364,-1.1515,115.758
-1.5152,-1.1515,119.403
-1.3939,-1.1515,124.464
-1.2727,-1.1515,130.86
-1.1515,-1.1515,138.448
-1.0303,-1.1515,147.012
-0.9091,-1.1515,156.257
-0.7879,-1.1515,165.805
-0.6667,-1.1515,175.211
-0.5455,-1.1515,183.989
-0.4242,-1.1515,191.643
-0.303,-1.1515,197.713
-0.1818,-1.1515,201.822
-0.0606,-1.1515,203.717
0.0606,-1.1515,203.304
0.1818,-1.1515,200.666
0.303,-1.1515,196.06
0.4242,-1.1515,189.9
0.5455,-1.1515,182.723
0.6667,-1.1515,175.138
0.7879,-1.1515,167.775
0.9091,-1.1515,161.227
1.0303,-1.1515,156.004
1.1515,-1.1515,152.49
1.2727,-1.1515,150.915
1.3939,-1.1515,151.341
1.5152,-1.1515,153.658
1.6364,-1.1515,157.597
1.7576,-1.1515,162.752
1.8788,-1.1515,168.608
2.0,-1.1515,174.585
2.1212,-1.1515,180.082
2.2424,-1.1515,184.521
2.3636,-1.1515,187.393
2.4848,-1.1515,188.303
2.6061,-1.1515,186.992
2.7273,-1.1515,183.36
2.8485,-1.1515,177.468
2.9697,-1.1515,169.526
3.0909,-1.1515,159.863
3.2121,-1.1515,148.899
3.3333,-1.1515,137.097
3.4545,-1.1515,124.922
3.5758,-1.1515,112.806
3.697,-1.1515,101.114
3.8182,-1.1515,90.127
3.9394,-1.1515,80.032
4.0606,-1.1515,70.927
4.1818,-1.1515,62.828
4.303,-1.1515,55.693
4.4242,-1.1515,49.434
4.5455,-1.1515,43.941
4.6667,-1.1515,39.099
4.7879,-1.1515,34.799
4.9091,-1.1515,30.947
5.0303,-1.1515,27.47
5.1515,-1.1515,24.312
5.2727,-1.1515,21.436
5.3939,-1.1515,18.816
5.5152,-1.1515,16.435
5.6364,-1.1515,14.283
5.7576,-1.1515,12.349
5.8788,-1.1515,10.624
6.0,-1.1515,9.097
-6.0,-1.0303,52.875
-5.8788,-1.0303,56.845
-5.7576,-1.0303,61.546
-5.6364,-1.0303,67.065
-5.5152,-1.0303,73.469
-5.3939,-1.0303,80.799
-5.2727,-1.0303,89.055
-5.1515,-1.0303,98.189
-5.0303,-1.0303,108.098
-4.9091,-1.0303,118.616
-4.7879,-1.0303,129.519
-4.6667,-1.0303,140.526
-4.5455,-1.0303,151.311
-4.4242,-1.0303,161.523
-4.303,-1.0303,170.802
-4.1818,-1.0303,178.803
-4.0606,-1.0303,185.226
-3.9394,-1.0303,189.83
-3.8182,-1.0303,192.457
-3.697,-1.0303,193.046
-3.5758,-1.0303,191.632
-3.4545,-1.0303,188.351
-3.3333,-1.0303,183.424
-3.2121,-1.0303,177.143
-3.0909,-1.0303,169.852
-2.9697,-1.0303,161.92
-2.8485,-1.0303,153.722
-2.7273,-1.0303,145.616
-2.6061,-1.0303,137.931
-2.4848,-1.0303,130.954
-2.3636,-1.0303,124.928
-2.2424,-1.0303,120.05
-2.1212,-1.0303,116.483
-2.0,-1.0303,114.353
-1.8788,-1.0303,113.766
-1.7576,-1.0303,114.802
-1.6364,-1.0303,117.523
-1.5152,-1.0303,121.958
-1.3939,-1.0303,128.097
-1.2727,-1.0303,135.87
-1.1515,-1.0303,145.126
-1.0303,-1.0303,155.622
-0.9091,-1.0303,167.008
-0.7879,-1.0303,178.829
-0.6667,-1.0303,190.539
-0.5455,-1.0303,201.535
-0.4242,-1.0303,211.196
-0.303,-1.0303,218.942
-0.1818,-1.0303,224.287
-0.0606,-1.0303,226.897
0.0606,-1.0303,226.625
0.1818,-1.0303,223.538
0.303,-1.0303,217.916
0.4242,-1.0303,210.228
0.5455,-1.0303,201.086
0.6667,-1.0303,191.196
0.7879,-1.0303,181.284
0.9091,-1.0303,172.04
1.0303,-1.0303,164.056
1.1515,-1.0303,157.786
1.2727,-1.0303,153.512
1.3939,-1.0303,151.338
1.5152,-1.0303,151.185
1.6364,-1.0303,152.811
1.7576,-1.0303,155.835
1.8788,-1.0303,159.773
2.0,-1.0303,164.078
2.1212,-1.0303,168.185
2.2424,-1.0303,171.551
2.3636,-1.0303,173.7
2.4848,-1.0303,174.256
2.6061,-1.0303,172.97
2.7273,-1.0303,169.732
2.8485,-1.0303,164.575
2.9697,-1.0303,157.663
3.0909,-1.0303,149.268
3.2121,-1.0303,139.738
3.3333,-1.0303,129.465
3.4545,-1.0303,118.843
3.5758,-1.0303,108.237
3.697,-1.0303,97.962
3.8182,-1.0303,88.257
3.9394,-1.0303,79.285
4.0606,-1.0303,71.134
4.1818,-1.0303,63.82
4.303,-1.0303,57.31
4.4242,-1.0303,51.53
4.5455,-1.0303,46.389
4.6667,-1.0303,41.787
4.7879,-1.0303,37.634
4.9091,-1.0303,33.849
5.0303,-1.0303,30.372
5.1515,-1.0303,27.158
5.2727,-1.0303,24.18
5.3939,-1.0303,21.421
5.5152,-1.0303,18.874
5.6364,-1.0303,16.536
5.7576,-1.0303,14.405
5.8788,-1.0303,12.48
6.0,-1.0303,10.754
-6.0,-0.9091,53.25
-5.8788,-0.9091,57.293
-5.7576,-0.9091,62.084
-5.6364,-0.9091,67.712
-5.5152,-0.9091,74.245
-5.3939,-0.9091,81.724
-5.2727,-0.9091,90.151
-5.1515,-0.9091,99.476
-5.0303,-0.9091,109.593
-4.9091,-0.9091,120.334
-4.7879,-0.9091,131.467
-4.6667,-0.9091,142.707
-4.5455,-0.9091,153.719
-4.4242,-0.9091,164.145
-4.303,-0.9091,173.615
-4.1818,-0.9091,181.777
-4.0606,-0.9091,188.323
-3.9394,-0.9091,193.006
-3.8182,-0.9091,195.665
-3.697,-0.9091,196.234
-3.5758,-0.9091,194.751
-3.4545,-0.9091,191.352
-3.3333,-0.9091,186.263
-3.2121,-0.9091,179.782
-3.0909,-0.9091,172.258
-2.9697,-0.9091,164.072
-2.8485,-0.9091,155.606
-2.7273,-0.9091,147.23
-2.6061,-0.9091,139.287
-2.4848,-0.9091,132.077
-2.3636,-0.9091,125.862
-2.2424,-0.9091,120.863
-2.1212,-0.9091,117.266
-2.0,-0.9091,115.229
-1.8788,-0.9091,114.893
-1.7576,-0.9091,116.376
-1.6364,-0.9091,119.777
-1.5152,-0.9091,125.159
-1.3939,-0.9091,132.538
-1.2727,-0.9091,141.854
-1.1515,-0.9091,152.953
-1.0303,-0.9091,165.558
-0.9091,-0.9091,179.263
-0.7879,-0.9091,193.53
-0.6667,-0.9091,207.706
-0.5455,-0.9091,221.064
-0.4242,-0.9091,232.851
-0.303,-0.9091,242.358
-0.1818,-0.9091,248.986
-0.0606,-0.9091,252.313
0.0606,-0.9091,252.141
0.1818,-0.9091,248.524
0.303,-0.9091,241.767
0.4242,-0.9091,232.398
0.5455,-0.9091,221.12
0.6667,-0.9091,208.739
0.7879,-0.9091,196.092
0.9091,-0.9091,183.97
1.0303,-0.9091,173.059
1.1515,-0.9091,163.886
1.2727,-0.9091,156.791
1.3939,-0.9091,151.919
1.5152,-0.9091,149.221
1.6364,-0.9091,148.479
1.7576,-0.9091,149.334
1.8788,-0.9091,151.328
2.0,-0.9091,153.94
2.1212,-0.9091,156.635
2.2424,-0.9091,158.903
2.3636,-0.9091,160.295
2.4848,-0.9091,160.454
2.6061,-0.9091,159.136
2.7273,-0.9091,156.224
2.8485,-0.9091,151.725
2.9697,-0.9091,145.761
3.0909,-0.9091,138.548
3.2121,-0.9091,130.371
3.3333,-0.9091,121.55
3.4545,-0.9091,112.414
3.5758,-0.9091,103.267
3.697,-0.9091,94.371
3.8182,-0.9091,85.928
3.9394,-0.9091,78.077
4.0606,-0.9091,70.891
4.1818,-0.9091,64.387
4.303,-0.9091,58.536
4.4242,-0.9091,53.28
4.5455,-0.9091,48.541
4.6667,-0.9091,44.236
4.7879,-0.9091,40.288
4.9091,-0.9091,36.63
5.0303,-0.9091,33.212
5.1515,-0.9091,29.999
5.2727,-0.9091,26.97
5.3939,-0.9091,24.117
5.5152,-0.9091,21.441
5.6364,-0.9091,18.947
5.7576,-0.9091,16.64
5.8788,-0.9091,14.525
6.0,-0.9091,12.605
-6.0,-0.7879,53.462
-5.8788,-0.7879,57.531
-5.7576,-0.7879,62.353
-5.6364,-0.7879,68.016
-5.5152,-0.7879,74.591
-5.3939,-0.7879,82.119
-5.2727,-0.7879,90.6
-5.1515,-0.7879,99.985
-5.0303,-0.7879,110.167
-4.9091,-0.7879,120.977
-4.7879,-0.7879,132.182
-4.6667,-0.7879,143.494
-4.5455,-0.7879,154.577
-4.4242,-0.7879,165.069
-4.303,-0.7879,174.599
-4.1818,-0.7879,182.812
-4.0606,-0.7879,189.397
-3.9394,-0.7879,194.105
-3.8182,-0.7879,196.775
-3.697,-0.7879,197.339
-3.5758,-0.7879,195.834
-3.4545,-0.7879,192.397
-3.3333,-0.7879,187.253
-3.2121,-0.7879,180.704
-3.0909,-0.7879,173.101
-2.9697,-0.7879,164.826
-2.8485,-0.7879,156.268
-2.7273,-0.7879,147.801
-2.6061,-0.7879,139.777
-2.4848,-0.7879,132.509
-2.3636,-0.7879,126.273
-2.2424,-0.7879,121.309
-2.1212,-0.7879,117.831
-2.0,-0.7879,116.029
-1.8788,-0.7879,116.075
-1.7576,-0.7879,118.129
-1.6364,-0.7879,122.327
-1.5152,-0.7879,128.77
-1.3939,-0.7879,137.498
-1.2727,-0.7879,148.467
-1.1515,-0.7879,161.512
-1.0303,-0.7879,176.328
-0.9091,-0.7879,192.45
-0.7879,-0.7879,209.254
-0.6667,-0.7879,225.979
-0.5455,-0.7879,241.767
-0.4242,-0.7879,255.733
-0.303,-0.7879,267.035
-0.1818,-0.7879,274.959
-0.0606,-0.7879,278.994
0.0606,-0.7879,278.891
0.1818,-0.7879,274.691
0.303,-0.7879,266.729
0.4242,-0.7879,255.599
0.5455,-0.7879,242.096
0.6667,-0.7879,227.134
0.7879,-0.7879,211.665
0.9091,-0.7879,196.592
1.0303,-0.7879,182.693
1.1515,-0.7879,170.575
1.2727,-0.7879,160.637
1.3939,-0.7879,153.064
1.5152,-0.7879,147.837
1.6364,-0.7879,144.758
1.7576,-0.7879,143.486
1.8788,-0.7879,143.581
2.0,-0.7879,144.545
2.1212,-0.7879,145.867
2.2424,-0.7879,147.063
2.3636,-0.7879,147.705
2.4848,-0.7879,147.452
2.6061,-0.7879,146.066
2.7273,-0.7879,143.421
2.8485,-0.7879,139.5
2.9697,-0.7879,134.386
3.0909,-0.7879,128.247
3.2121,-0.7879,121.306
3.3333,-0.7879,113.822
3.4545,-0.7879,106.062
3.5758,-0.7879,98.272
3.697,-0.7879,90.669
3.8182,-0.7879,83.417
3.9394,-0.7879,76.632
4.0606,-0.7879,70.374
4.1818,-0.7879,64.658
4.303,-0.7879,59.463
4.4242,-0.7879,54.739
4.5455,-0.7879,50.421
4.6667,-0.7879,46.443
4.7879,-0.7879,42.737
4.9091,-0.7879,39.25
5.0303,-0.7879,35.939
5.1515,-0.7879,32.776
5.2727,-0.7879,29.748
5.3939,-0.7879,26.85
5.5152,-0.7879,24.088
5.6364,-0.7879,21.474
5.7576,-0.7879,19.02
5.8788,-0.7879,16.738
6.0,-0.7879,14.637
-6.0,-0.6667,53.508
-5.8788,-0.6667,57.554
-5.7576,-0.6667,62.346
-5.6364,-0.6667,67.971
-5.5152,-0.6667,74.499
-5.3939,-0.6667,81.971
-5.2727,-0.6667,90.388
-5.1515,-0.6667,99.7
-5.0303,-0.6667,109.801
-4.9091,-0.6667,120.524
-4.7879,-0.6667,131.639
-4.6667,-0.6667,142.859
-4.5455,-0.6667,153.854
-4.4242,-0.6667,164.262
-4.303,-0.6667,173.718
-4.1818,-0.6667,181.869
-4.0606,-0.6667,188.407
-3.9394,-0.6667,193.087
-3.8182,-0.6667,195.745
-3.697,-0.6667,196.317
-3.5758,-0.6667,194.839
-3.4545,-0.6667,191.443
-3.3333,-0.6667,186.356
-3.2121,-0.6667,179.873
-3.0909,-0.6667,172.343
-2.9697,-0.6667,164.147
-2.8485,-0.6667,155.67
-2.7273,-0.6667,147.29
-2.6061,-0.6667,139.36
-2.4848,-0.6667,132.201
-2.3636,-0.6667,126.103
-2.2424,-0.6667,121.323
-2.1212,-0.6667,118.097
-2.0,-0.6667,116.646
-1.8788,-0.6667,117.179
-1.7576,-0.6667,119.892
-1.6364,-0.6667,124.961
-1.5152,-0.6667,132.523
-1.3939,-0.6667,142.645
-1.2727,-0.6667,155.296
-1.1515,-0.6667,170.305
-1.0303,-0.6667,187.339
-0.9091,-0.6667,205.872
-0.7879,-0.6667,225.199
-0.6667,-0.6667,244.449
-0.5455,-0.6667,262.641
-0.4242,-0.6667,278.755
-0.303,-0.6667,291.819
-0.1818,-0.6667,301.007
-0.0606,-0.6667,305.722
0.0606,-0.6667,305.664
0.1818,-0.6667,300.865
0.303,-0.6667,291.689
0.4242,-0.6667,278.799
0.5455,-0.6667,263.08
0.6667,-0.6667,245.56
0.7879,-0.6667,227.306
0.9091,-0.6667,209.328
1.0303,-0.6667,192.504
1.1515,-0.6667,177.516
1.2727,-0.6667,164.823
1.3939,-0.6667,154.649
1.5152,-0.6667,147.002
1.6364,-0.6667,141.701
1.7576,-0.6667,138.418
1.8788,-0.6667,136.727
2.0,-0.6667,136.147
2.1212,-0.6667,136.184
2.2424,-0.6667,136.374
2.3636,-0.6667,136.308
2.4848,-0.6667,135.656
2.6061,-0.6667,134.184
2.7273,-0.6667,131.757
2.8485,-0.6667,128.335
2.9697,-0.6667,123.969
3.0909,-0.6667,118.78
3.2121,-0.6667,112.94
3.3333,-0.6667,106.652
3.4545,-0.6667,100.126
3.5758,-0.6667,93.56
3.697,-0.6667,87.126
3.8182,-0.6667,80.957
3.9394,-0.6667,75.147
4.0606,-0.6667,69.744
4.1818,-0.6667,64.763
4.303,-0.6667,60.184
4.4242,-0.6667,55.97
4.5455,-0.6667,52.067
4.6667,-0.6667,48.419
4.7879,-0.6667,44.973
4.9091,-0.6667,41.683
5.0303,-0.6667,38.514
5.1515,-0.6667,35.442
5.2727,-0.6667,32.457
5.3939,-0.6667,29.56
5.5152,-0.6667,26.759
5.6364,-0.6667,24.068
5.7576,-0.6667,21.504
5.8788,-0.6667,19.085
6.0,-0.6667,16.825
-6.0,-0.5455,53.393
-5.8788,-0.5455,57.368
-5.7576,-0.5455,62.07
-5.6364,-0.5455,67.586
-5.5152,-0.5455,73.981
-5.3939,-0.5455,81.297
-5.2727,-0.5455,89.533
-5.1515,-0.5455,98.642
-5.0303,-0.5455,108.521
-4.9091,-0.5455,119.006
-4.7879,-0.5455,129.874
-4.6667,-0.5455,140.844
-4.5455,-0.5455,151.594
-4.4242,-0.5455,161.773
-4.303,-0.5455,171.024
-4.1818,-0.5455,179.005
-4.0606,-0.5455,185.413
-3.9394,-0.5455,190.01
-3.8182,-0.5455,192.638
-3.697,-0.5455,193.231
-3.5758,-0.5455,191.824
-3.4545,-0.5455,188.548
-3.3333,-0.5455,183.622
-3.2121,-0.5455,177.334
-3.0909,-0.5455,170.026
-2.9697,-0.5455,162.067
-2.8485,-0.5455,153.839
-2.7273,-0.5455,145.713
-2.6061,-0.5455,138.041
-2.4848,-0.5455,131.148
-2.3636,-0.5455,125.33
-2.2424,-0.5455,120.862
-2.1212,-0.5455,118.0
-2.0,-0.5455,116.992
-1.8788,-0.5455,118.079
-1.7576,-0.5455,121.497
-1.6364,-0.5455,127.457
-1.5152,-0.5455,136.132
-1.3939,-0.5455,147.615
-1.2727,-0.5455,161.89
-1.1515,-0.5455,178.781
-1.0303,-0.5455,197.925
-0.9091,-0.5455,218.746
-0.7879,-0.5455,240.459
-0.6667,-0.5455,262.093
-0.5455,-0.5455,282.548
-0.4242,-0.5455,300.68
-0.303,-0.5455,315.396
-0.1818,-0.5455,325.764
-0.0606,-0.5455,331.105
0.0606,-0.5455,331.075
0.1818,-0.5455,325.696
0.303,-0.5455,315.365
0.4242,-0.5455,300.805
0.5455,-0.5455,282.994
0.6667,-0.5455,263.064
0.7879,-0.5455,242.191
0.9091,-0.5455,221.492
1.0303,-0.5455,201.935
1.1515,-0.5455,184.276
1.2727,-0.5455,169.03
1.3939,-0.5455,156.458
1.5152,-0.5455,146.591
1.6364,-0.5455,139.261
1.7576,-0.5455,134.153
1.8788,-0.5455,130.847
2.0,-0.5455,128.875
2.1212,-0.5455,127.758
2.2424,-0.5455,127.045
2.3636,-0.5455,126.341
2.4848,-0.5455,125.325
2.6061,-0.5455,123.765
2.7273,-0.5455,121.516
2.8485,-0.5455,118.521
2.9697,-0.5455,114.8
3.0909,-0.5455,110.435
3.2121,-0.5455,105.552
3.3333,-0.5455,100.304
3.4545,-0.5455,94.855
3.5758,-0.5455,89.359
3.697,-0.5455,83.95
3.8182,-0.5455,78.733
3.9394,-0.5455,73.783
4.0606,-0.5455,69.14
4.1818,-0.5455,64.813
4.303,-0.5455,60.791
4.4242,-0.5455,57.041
4.5455,-0.5455,53.523
4.6667,-0.5455,50.191
4.7879,-0.5455,47.002
4.9091,-0.5455,43.917
5.0303,-0.5455,40.908
5.1515,-0.5455,37.955
5.2727,-0.5455,35.051
5.3939,-0.5455,32.195
5.5152,-0.5455,29.397
5.6364,-0.5455,26.673
5.7576,-0.5455,24.04
5.8788,-0.5455,21.521
6.0,-0.5455,19.134
-6.0,-0.4242,53.127
-5.8788,-0.4242,56.987
-5.7576,-0.4242,61.545
-5.6364,-0.4242,66.884
-5.5152,-0.4242,73.068
-5.3939,-0.4242,80.134
-5.2727,-0.4242,88.083
-5.1515,-0.4242,96.87
-5.0303,-0.4242,106.396
-4.9091,-0.4242,116.503
-4.7879,-0.4242,126.977
-4.6667,-0.4242,137.551
-4.5455,-0.4242,147.914
-4.4242,-0.4242,157.73
-4.303,-0.4242,166.657
-4.1818,-0.4242,174.366
-4.0606,-0.4242,180.568
-3.9394,-0.4242,185.033
-3.8182,-0.4242,187.61
-3.697,-0.4242,188.236
-3.5758,-0.4242,186.945
-3.4545,-0.4242,183.86
-3.3333,-0.4242,179.192
-3.2121,-0.4242,173.218
-3.0909,-0.4242,166.265
-2.9697,-0.4242,158.69
-2.8485,-0.4242,150.862
-2.7273,-0.4242,143.141
-2.6061,-0.4242,135.874
-2.4848,-0.4242,129.383
-2.3636,-0.4242,123.969
-2.2424,-0.4242,119.917
-2.1212,-0.4242,117.502
-2.0,-0.4242,116.994
-1.8788,-0.4242,118.666
-1.7576,-0.4242,122.786
-1.6364,-0.4242,129.601
-1.5152,-0.4242,139.313
-1.3939,-0.4242,152.045
-1.2727,-0.4242,167.789
-1.1515,-0.4242,186.37
-1.0303,-0.4242,207.401
-0.9091,-0.4242,230.261
-0.7879,-0.4242,254.094
-0.6667,-0.4242,277.841
-0.5455,-0.4242,300.3
-0.4242,-0.4242,320.216
-0.303,-0.4242,336.389
-0.1818,-0.4242,347.794
-0.0606,-0.4242,353.683
0.0606,-0.4242,353.669
0.1818,-0.4242,347.77
0.303,-0.4242,336.407
0.4242,-0.4242,320.363
0.5455,-0.4242,300.696
0.6667,-0.4242,278.631
0.7879,-0.4242,255.442
0.9091,-0.4242,232.34
1.0303,-0.4242,210.375
1.1515,-0.4242,190.368
1.2727,-0.4242,172.883
1.3939,-0.4242,158.213
1.5152,-0.4242,146.409
1.6364,-0.4242,137.317
1.7576,-0.4242,130.626
1.8788,-0.4242,125.927
2.0,-0.4242,122.756
2.1212,-0.4242,120.647
2.2424,-0.4242,119.159
2.3636,-0.4242,117.909
2.4848,-0.4242,116.581
2.6061,-0.4242,114.944
2.7273,-0.4242,112.847
2.8485,-0.4242,110.215
2.9697,-0.4242,107.042
3.0909,-0.4242,103.375
3.2121,-0.4242,99.305
3.3333,-0.4242,94.942
3.4545,-0.4242,90.408
3.5758,-0.4242,85.821
3.697,-0.4242,81.284
3.8182,-0.4242,76.879
3.9394,-0.4242,72.663
4.0606,-0.4242,68.668
4.1818,-0.4242,64.904
4.303,-0.4242,61.362
4.4242,-0.4242,58.017
4.5455,-0.4242,54.839
4.6667,-0.4242,51.791
4.7879,-0.4242,48.84
4.9091,-0.4242,45.954
5.0303,-0.4242,43.11
5.1515,-0.4242,40.291
5.2727,-0.4242,37.49
5.3939,-0.4242,34.707
5.5152,-0.4242,31.95
5.6364,-0.4242,29.232
5.7576,-0.4242,26.574
5.8788,-0.4242,23.995
6.0,-0.4242,21.519
-6.0,-0.303,52.726
-5.8788,-0.303,56.433
-5.7576,-0.303,60.799
-5.6364,-0.303,65.903
-5.5152,-0.303,71.805
-5.3939,-0.303,78.541
-5.2727,-0.303,86.111
-5.1515,-0.303,94.471
-5.0303,-0.303,103.53
-4.9091,-0.303,113.137
-4.7879,-0.303,123.092
-4.6667,-0.303,133.141
-4.5455,-0.303,142.992
-4.4242,-0.303,152.328
-4.303,-0.303,160.826
-4.1818,-0.303,168.176
-4.0606,-0.303,174.106
-3.9394,-0.303,178.397
-3.8182,-0.303,180.908
-3.697,-0.303,181.578
-3.5758,-0.303,180.439
-3.4545,-0.303,177.609
-3.3333,-0.303,173.284
-3.2121,-0.303,167.727
-3.0909,-0.303,161.247
-2.9697,-0.303,154.182
-2.8485,-0.303,146.884
-2.7273,-0.303,139.698
-2.6061,-0.303,132.958
-2.4848,-0.303,126.981
-2.3636,-0.303,122.067
-2.2424,-0.303,118.509
-2.1212,-0.303,116.592
-2.0,-0.303,116.608
-1.8788,-0.303,118.854
-1.7576,-0.303,123.625
-1.6364,-0.303,131.199
-1.5152,-0.303,141.808
-1.3939,-0.303,155.593
-1.2727,-0.303,172.563
-1.1515,-0.303,192.54
-1.0303,-0.303,215.12
-0.9091,-0.303,239.646
-0.7879,-0.303,265.208
-0.6667,-0.303,290.676
-0.5455,-0.303,314.763
-0.4242,-0.303,336.128
-0.303,-0.303,353.483
-0.1818,-0.303,365.727
-0.0606,-0.303,372.057
0.0606,-0.303,372.052
0.1818,-0.303,365.725
0.303,-0.303,353.52
0.4242,-0.303,336.265
0.5455,-0.303,315.085
0.6667,-0.303,291.28
0.7879,-0.303,266.205
0.9091,-0.303,241.146
1.0303,-0.303,217.218
1.1515,-0.303,195.298
1.2727,-0.303,175.988
1.3939,-0.303,159.607
1.5152,-0.303,146.224
1.6364,-0.303,135.694
1.7576,-0.303,127.713
1.8788,-0.303,121.877
2.0,-0.303,117.73
2.1212,-0.303,114.815
2.2424,-0.303,112.7
2.3636,-0.303,111.01
2.4848,-0.303,109.436
2.6061,-0.303,107.747
2.7273,-0.303,105.785
2.8485,-0.303,103.461
2.9697,-0.303,100.748
3.0909,-0.303,97.666
3.2121,-0.303,94.272
3.3333,-0.303,90.644
3.4545,-0.303,86.869
3.5758,-0.303,83.034
3.697,-0.303,79.218
3.8182,-0.303,75.482
3.9394,-0.303,71.871
4.0606,-0.303,68.411
4.1818,-0.303,65.111
4.303,-0.303,61.966
4.4242,-0.303,58.957
4.5455,-0.303,56.064
4.6667,-0.303,53.258
4.7879,-0.303,50.514
4.9091,-0.303,47.808
5.0303,-0.303,45.12
5.1515,-0.303,42.437
5.2727,-0.303,39.751
5.3939,-0.303,37.061
5.5152,-0.303,34.372
5.6364,-0.303,31.697
5.7576,-0.303,29.051
5.8788,-0.303,26.454
6.0,-0.303,23.928
-6.0,-0.1818,52.21
-5.8788,-0.1818,55.733
-5.7576,-0.1818,59.869
-5.6364,-0.1818,64.691
-5.5152,-0.1818,70.255
-5.3939,-0.1818,76.594
-5.2727,-0.1818,83.708
-5.1515,-0.1818,91.558
-5.0303,-0.1818,100.056
-4.9091,-0.1818,109.065
-4.7879,-0.1818,118.396
-4.6667,-0.1818,127.817
-4.5455,-0.1818,137.056
-4.4242,-0.1818,145.817
-4.303,-0.1818,153.802
-4.1818,-0.1818,160.723
-4.0606,-0.1818,166.326
-3.9394,-0.1818,170.41
-3.8182,-0.1818,172.842
-3.697,-0.1818,173.567
-3.5758,-0.1818,172.613
-3.4545,-0.1818,170.089
-3.3333,-0.1818,166.178
-3.2121,-0.1818,161.122
-3.0909,-0.1818,155.21
-2.9697,-0.1818,148.758
-2.8485,-0.1818,142.094
-2.7273,-0.1818,135.545
-2.6061,-0.1818,129.428
-2.4848,-0.1818,124.049
-2.3636,-0.1818,119.704
-2.2424,-0.1818,116.685
-2.1212,-0.1818,115.287
-2.0,-0.1818,115.815
-1.8788,-0.1818,118.585
-1.7576,-0.1818,123.912
-1.6364,-0.1818,132.1
-1.5152,-0.1818,143.401
-1.3939,-0.1818,157.976
-1.2727,-0.1818,175.845
-1.1515,-0.1818,196.833
-1.0303,-0.1818,220.525
-0.9091,-0.1818,246.241
-0.7879,-0.1818,273.032
-0.6667,-0.1818,299.721
-0.5455,-0.1818,324.963
-0.4242,-0.1818,347.352
-0.303,-0.1818,365.543
-0.1818,-0.1818,378.381
-0.0606,-0.1818,385.021
0.0606,-0.1818,385.021
0.1818,-0.1818,378.389
0.303,-0.1818,365.584
0.4242,-0.1818,347.468
0.5455,-0.1818,325.209
0.6667,-0.1818,300.162
0.7879,-0.1818,273.737
0.9091,-0.1818,247.272
1.0303,-0.1818,221.929
1.1515,-0.1818,198.623
1.2727,-0.1818,177.982
1.3939,-0.1818,160.348
1.5152,-0.1818,145.799
1.6364,-0.1818,134.201
1.7576,-0.1818,125.255
1.8788,-0.1818,118.565
2.0,-0.1818,113.684
2.1212,-0.1818,110.162
2.2424,-0.1818,107.577
2.3636,-0.1818,105.564
2.4848,-0.1818,103.819
2.6061,-0.1818,102.111
2.7273,-0.1818,100.278
2.8485,-0.1818,98.22
2.9697,-0.1818,95.893
3.0909,-0.1818,93.294
3.2121,-0.1818,90.454
3.3333,-0.1818,87.424
3.4545,-0.1818,84.263
3.5758,-0.1818,81.035
3.697,-0.1818,77.797
3.8182,-0.1818,74.595
3.9394,-0.1818,71.465
4.0606,-0.1818,68.428
4.1818,-0.1818,65.493
4.303,-0.1818,62.659
4.4242,-0.1818,59.915
4.5455,-0.1818,57.246
4.6667,-0.1818,54.633
4.7879,-0.1818,52.058
4.9091,-0.1818,49.503
5.0303,-0.1818,46.952
5.1515,-0.1818,44.395
5.2727,-0.1818,41.823
5.3939,-0.1818,39.235
5.5152,-0.1818,36.633
5.6364,-0.1818,34.026
5.7576,-0.1818,31.424
5.8788,-0.1818,28.846
6.0,-0.1818,26.31
-6.0,-0.0606,51.605
-5.8788,-0.0606,54.92
-5.7576,-0.0606,58.797
-5.6364,-0.0606,63.302
-5.5152,-0.0606,68.486
-5.3939,-0.0606,74.379
-5.2727,-0.0606,80.981
-5.1515,-0.0606,88.257
-5.0303,-0.0606,96.126
-4.9091,-0.0606,104.463
-4.7879,-0.0606,113.097
-4.6667,-0.0606,121.813
-4.5455,-0.0606,130.364
-4.4242,-0.0606,138.482
-4.303,-0.0606,145.892
-4.1818,-0.0606,152.333
-4.0606,-0.0606,157.572
-3.9394,-0.0606,161.425
-3.8182,-0.0606,163.772
-3.697,-0.0606,164.561
-3.5758,-0.0606,163.817
-3.4545,-0.0606,161.64
-3.3333,-0.0606,158.195
-3.2121,-0.0606,153.705
-3.0909,-0.0606,148.434
-2.9697,-0.0606,142.671
-2.8485,-0.0606,136.718
-2.7273,-0.0606,130.878
-2.6061,-0.0606,125.449
-2.4848,-0.0606,120.723
-2.3636,-0.0606,116.984
-2.2424,-0.0606,114.522
-2.1212,-0.0606,113.634
-2.0,-0.0606,114.63
-1.8788,-0.0606,117.838
-1.7576,-0.0606,123.59
-1.6364,-0.0606,132.202
-1.5152,-0.0606,143.944
-1.3939,-0.0606,158.991
-1.2727,-0.0606,177.373
-1.1515,-0.0606,198.918
-1.0303,-0.0606,223.211
-0.9091,-0.0606,249.56
-0.7879,-0.0606,277.002
-0.6667,-0.0606,304.333
-0.5455,-0.0606,330.181
-0.4242,-0.0606,353.108
-0.303,-0.0606,371.737
-0.1818,-0.0606,384.886
-0.0606,-0.0606,391.69
0.0606,-0.0606,391.692
0.1818,-0.0606,384.899
0.303,-0.0606,371.777
0.4242,-0.0606,353.202
0.5455,-0.0606,330.365
0.6667,-0.0606,304.646
0.7879,-0.0606,277.483
0.9091,-0.0606,250.239
1.0303,-0.0606,224.1
1.1515,-0.0606,199.999
1.2727,-0.0606,178.579
1.3939,-0.0606,160.192
1.5152,-0.0606,144.927
1.6364,-0.0606,132.655
1.7576,-0.0606,123.09
1.8788,-0.0606,115.841
2.0,-0.0606,110.474
2.1212,-0.0606,106.549
2.2424,-0.0606,103.657
2.3636,-0.0606,101.441
2.4848,-0.0606,99.605
2.6061,-0.0606,97.919
2.7273,-0.0606,96.219
2.8485,-0.0606,94.398
2.9697,-0.0606,92.396
3.0909,-0.0606,90.195
3.2121,-0.0606,87.804
3.3333,-0.0606,85.251
3.4545,-0.0606,82.577
3.5758,-0.0606,79.824
3.697,-0.0606,77.035
3.8182,-0.0606,74.244
3.9394,-0.0606,71.48
4.0606,-0.0606,68.761
4.1818,-0.0606,66.097
4.303,-0.0606,63.49
4.4242,-0.0606,60.937
4.5455,-0.0606,58.43
4.6667,-0.0606,55.958
4.7879,-0.0606,53.508
4.9091,-0.0606,51.068
5.0303,-0.0606,48.627
5.1515,-0.0606,46.177
5.2727,-0.0606,43.709
5.3939,-0.0606,41.221
5.5152,-0.0606,38.713
5.6364,-0.0606,36.188
5.7576,-0.0606,33.654
5.8788,-0.0606,31.124
6.0,-0.0606,28.613
-6.0,0.0606,50.936
-5.8788,0.0606,54.027
-5.7576,0.0606,57.627
-5.6364,0.0606,61.792
-5.5152,0.0606,66.569
-5.3939,0.0606,71.986
-5.2727,0.0606,78.041
-5.1515,0.0606,84.703
-5.0303,0.0606,91.901
-4.9091,0.0606,99.52
-4.7879,0.0606,107.408
-4.6667,0.0606,115.372
-4.5455,0.0606,123.191
-4.4242,0.0606,130.623
-4.303,0.0606,137.421
-4.1818,0.0606,143.351
-4.0606,0.0606,148.204
-3.9394,0.0606,151.815
-3.8182,0.0606,154.075
-3.697,0.0606,154.936
-3.5758,0.0606,154.422
-3.4545,0.0606,152.621
-3.3333,0.0606,149.681
-3.2121,0.0606,145.801
-3.0909,0.0606,141.218
-2.9697,0.0606,136.192
-2.8485,0.0606,130.998
-2.7273,0.0606,125.912
-2.6061,0.0606,121.209
-2.4848,0.0606,117.16
-2.3636,0.0606,114.038
-2.2424,0.0606,112.122
-2.1212,0.0606,111.705
-2.0,0.0606,113.099
-1.8788,0.0606,116.635
-1.7576,0.0606,122.649
-1.6364,0.0606,131.469
-1.5152,0.0606,143.37
-1.3939,0.0606,158.537
-1.2727,0.0606,177.007
-1.1515,0.0606,198.618
-1.0303,0.0606,222.958
-0.9091,0.0606,249.343
-0.7879,0.0606,276.812
-0.6667,0.0606,304.165
-0.5455,0.0606,330.031
-0.4242,0.0606,352.974
-0.303,0.0606,371.617
-0.1818,0.0606,384.777
-0.0606,0.0606,391.588
0.0606,0.0606,391.593
0.1818,0.0606,384.794
0.303,0.0606,371.657
0.4242,0.0606,353.055
0.5455,0.0606,330.173
0.6667,0.0606,304.39
0.7879,0.0606,277.14
0.9091,0.0606,249.781
1.0303,0.0606,223.498
1.1515,0.0606,199.222
1.2727,0.0606,177.596
1.3939,0.0606,158.975
1.5152,0.0606,143.455
1.6364,0.0606,130.913
1.7576,0.0606,121.074
1.8788,0.0606,113.561
2.0,0.0606,107.953
2.1212,0.0606,103.827
2.2424,0.0606,100.788
2.3636,0.0606,98.488
2.4848,0.0606,96.642
2.6061,0.0606,95.026
2.7273,0.0606,93.472
2.8485,0.0606,91.869
2.9697,0.0606,90.148
3.0909,0.0606,88.276
3.2121,0.0606,86.246
3.3333,0.0606,84.071
3.4545,0.0606,81.774
3.5758,0.0606,79.384
3.697,0.0606,76.93
3.8182,0.0606,74.441
3.9394,0.0606,71.938
4.0606,0.0606,69.44
4.1818,0.0606,66.959
4.303,0.0606,64.502
4.4242,0.0606,62.07
4.5455,0.0606,59.663
4.6667,0.0606,57.276
4.7879,0.0606,54.904
4.9091,0.0606,52.539
5.0303,0.0606,50.175
5.1515,0.0606,47.804
5.2727,0.0606,45.422
5.3939,0.0606,43.022
5.5152,0.0606,40.604
5.6364,0.0606,38.167
5.7576,0.0606,35.715
5.8788,0.0606,33.254
6.0,0.0606,30.795
-6.0,0.1818,50.226
-5.8788,0.1818,53.088
-5.7576,0.1818,56.402
-5.6364,0.1818,60.217
-5.5152,0.1818,64.577
-5.3939,0.1818,69.503
-5.2727,0.1818,74.997
-5.1515,0.1818,81.029
-5.0303,0.1818,87.537
-4.9091,0.1818,94.42
-4.7879,0.1818,101.543
-4.6667,0.1818,108.737
-4.5455,0.1818,115.805
-4.4242,0.1818,122.535
-4.303,0.1818,128.708
-4.1818,0.1818,134.118
-4.0606,0.1818,138.58
-3.9394,0.1818,141.949
-3.8182,0.1818,144.126
-3.697,0.1818,145.071
-3.5758,0.1818,144.802
-3.4545,0.1818,143.396
-3.3333,0.1818,140.983
-3.2121,0.1818,137.737
-3.0909,0.1818,133.867
-2.9697,0.1818,129.603
-2.8485,0.1818,125.189
-2.7273,0.1818,120.873
-2.6061,0.1818,116.904
-2.4848,0.1818,113.53
-2.3636,0.1818,111.008
-2.2424,0.1818,109.602
-2.1212,0.1818,109.597
-2.0,0.1818,111.299
-1.8788,0.1818,115.032
-1.7576,0.1818,121.134
-1.6364,0.1818,129.929
-1.5152,0.1818,141.695
-1.3939,0.1818,156.621
-1.2727,0.1818,174.749
-1.1515,0.1818,195.927
-1.0303,0.1818,219.758
-0.9091,0.1818,245.577
-0.7879,0.1818,272.449
-0.6667,0.1818,299.203
-0.5455,0.1818,324.499
-0.4242,0.1818,346.937
-0.303,0.1818,365.169
-0.1818,0.1818,378.041
-0.0606,0.1818,384.704
0.0606,0.1818,384.711
0.1818,0.1818,378.064
0.303,0.1818,365.215
0.4242,0.1818,347.015
0.5455,0.1818,324.622
0.6667,0.1818,299.38
0.7879,0.1818,272.688
0.9091,0.1818,245.873
1.0303,0.1818,220.091
1.1515,0.1818,196.251
1.2727,0.1818,174.982
1.3939,0.1818,156.636
1.5152,0.1818,141.306
1.6364,0.1818,128.883
1.7576,0.1818,119.102
1.8788,0.1818,111.605
2.0,0.1818,105.991
2.1212,0.1818,101.854
2.2424,0.1818,98.818
2.3636,0.1818,96.551
2.4848,0.1818,94.777
2.6061,0.1818,93.279
2.7273,0.1818,91.892
2.8485,0.1818,90.501
2.9697,0.1818,89.03
3.0909,0.1818,87.435
3.2121,0.1818,85.699
3.3333,0.1818,83.82
3.4545,0.1818,81.81
3.5758,0.1818,79.687
3.697,0.1818,77.473
3.8182,0.1818,75.189
3.9394,0.1818,72.856
4.0606,0.1818,70.493
4.1818,0.1818,68.114
4.303,0.1818,65.732
4.4242,0.1818,63.354
4.5455,0.1818,60.985
4.6667,0.1818,58.629
4.7879,0.1818,56.286
4.9091,0.1818,53.953
5.0303,0.1818,51.628
5.1515,0.1818,49.306
5.2727,0.1818,46.983
5.3939,0.1818,44.653
5.5152,0.1818,42.313
5.6364,0.1818,39.959
5.7576,0.1818,37.59
5.8788,0.1818,35.21
6.0,0.1818,32.823
-6.0,0.303,49.5
-5.8788,0.303,52.133
-5.7576,0.303,55.162
-5.6364,0.303,58.631
-5.5152,0.303,62.575
-5.3939,0.303,67.014
-5.2727,0.303,71.95
-5.1515,0.303,77.357
-5.0303,0.303,83.181
-4.9091,0.303,89.334
-4.7879,0.303,95.7
-4.6667,0.303,102.13
-4.5455,0.303,108.457
-4.4242,0.303,114.493
-4.303,0.303,120.052
-4.1818,0.303,124.953
-4.0606,0.303,129.036
-3.9394,0.303,132.173
-3.8182,0.303,134.28
-3.697,0.303,135.32
-3.5758,0.303,135.308
-3.4545,0.303,134.307
-3.3333,0.303,132.431
-3.2121,0.303,129.827
-3.0909,0.303,126.676
-2.9697,0.303,123.177
-2.8485,0.303,119.541
-2.7273,0.303,115.987
-2.6061,0.303,112.735
-2.4848,0.303,110.012
-2.3636,0.303,108.051
-2.2424,0.303,107.101
-2.1212,0.303,107.432
-2.0,0.303,109.336
-1.8788,0.303,113.129
-1.7576,0.303,119.138
-1.6364,0.303,127.679
-1.5152,0.303,139.026
-1.3939,0.303,153.363
-1.2727,0.303,170.739
-1.1515,0.303,191.013
-1.0303,0.303,213.811
-0.9091,0.303,238.5
-0.7879,0.303,264.189
-0.6667,0.303,289.762
-0.5455,0.303,313.941
-0.4242,0.303,335.386
-0.303,0.303,352.814
-0.1818,0.303,365.119
-0.0606,0.303,371.49
0.0606,0.303,371.5
0.1818,0.303,365.151
0.303,0.303,352.872
0.4242,0.303,335.475
0.5455,0.303,314.066
0.6667,0.303,289.928
0.7879,0.303,264.395
0.9091,0.303,238.735
1.0303,0.303,214.05
1.1515,0.303,191.211
1.2727,0.303,170.82
1.3939,0.303,153.213
1.5152,0.303,138.486
1.6364,0.303,126.536
1.7576,0.303,117.116
1.8788,0.303,109.89
2.0,0.303,104.481
2.1212,0.303,100.508
2.2424,0.303,97.615
2.3636,0.303,95.488
2.4848,0.303,93.865
2.6061,0.303,92.537
2.7273,0.303,91.344
2.8485,0.303,90.167
2.9697,0.303,88.928
3.0909,0.303,87.575
3.2121,0.303,86.081
3.3333,0.303,84.435
3.4545,0.303,82.64
3.5758,0.303,80.707
3.697,0.303,78.651
3.8182,0.303,76.491
3.9394,0.303,74.249
4.0606,0.303,71.943
4.1818,0.303,69.593
4.303,0.303,67.217
4.4242,0.303,64.828
4.5455,0.303,62.439
4.6667,0.303,60.059
4.7879,0.303,57.695
4.9091,0.303,55.349
5.0303,0.303,53.023
5.1515,0.303,50.714
5.2727,0.303,48.419
5.3939,0.303,46.134
5.5152,0.303,43.852
5.6364,0.303,41.568
5.7576,0.303,39.279
5.8788,0.303,36.98
6.0,0.303,34.674
-6.0,0.4242,48.776
-5.8788,0.4242,51.189
-5.7576,0.4242,53.943
-5.6364,0.4242,57.076
-5.5152,0.4242,60.619
-5.3939,0.4242,64.59
-5.2727,0.4242,68.989
-5.1515,0.4242,73.794
-5.0303,0.4242,78.959
-4.9091,0.4242,84.41
-4.7879,0.4242,90.048
-4.6667,0.4242,95.747
-4.5455,0.4242,101.364
-4.4242,0.4242,106.739
-4.303,0.4242,111.714
-4.1818,0.4242,116.134
-4.0606,0.4242,119.864
-3.9394,0.4242,122.794
-3.8182,0.4242,124.85
-3.697,0.4242,126.0
-3.5758,0.4242,126.255
-3.4545,0.4242,125.667
-3.3333,0.4242,124.328
-3.2121,0.4242,122.363
-3.0909,0.4242,119.921
-2.9697,0.4242,117.171
-2.8485,0.4242,114.293
-2.7273,0.4242,111.472
-2.6061,0.4242,108.903
-2.4848,0.4242,106.786
-2.3636,0.4242,105.33
-2.2424,0.4242,104.767
-2.1212,0.4242,105.345
-2.0,0.4242,107.342
-1.8788,0.4242,111.057
-1.7576,0.4242,116.8
-1.6364,0.4242,124.874
-1.5152,0.4242,135.541
-1.3939,0.4242,148.979
-1.2727,0.4242,165.24
-1.1515,0.4242,184.196
-1.0303,0.4242,205.501
-0.9091,0.4242,228.568
-0.7879,0.4242,252.567
-0.6667,0.4242,276.455
-0.5455,0.4242,299.041
-0.4242,0.4242,319.074
-0.303,0.4242,335.355
-0.1818,0.4242,346.853
-0.0606,0.4242,352.809
0.0606,0.4242,352.823
0.1818,0.4242,346.897
0.303,0.4242,335.432
0.4242,0.4242,319.186
0.5455,0.4242,299.189
0.6667,0.4242,276.639
0.7879,0.4242,252.783
0.9091,0.4242,228.804
1.0303,0.4242,205.732
1.1515,0.4242,184.38
1.2727,0.4242,165.313
1.3939,0.4242,148.848
1.5152,0.4242,135.076
1.6364,0.4242,123.903
1.7576,0.4242,115.106
1.8788,0.4242,108.372
2.0,0.4242,103.353
2.1212,0.4242,99.695
2.2424,0.4242,97.068
2.3636,0.4242,95.18
2.4848,0.4242,93.782
2.6061,0.4242,92.677
2.7273,0.4242,91.707
2.8485,0.4242,90.757
2.9697,0.4242,89.744
3.0909,0.4242,88.611
3.2121,0.4242,87.323
3.3333,0.4242,85.863
3.4545,0.4242,84.228
3.5758,0.4242,82.421
3.697,0.4242,80.456
3.8182,0.4242,78.352
3.9394,0.4242,76.13
4.0606,0.4242,73.813
4.1818,0.4242,71.425
4.303,0.4242,68.99
4.4242,0.4242,66.529
4.5455,0.4242,64.062
4.6667,0.4242,61.605
4.7879,0.4242,59.169
4.9091,0.4242,56.764
5.0303,0.4242,54.394
5.1515,0.4242,52.06
5.2727,0.4242,49.76
5.3939,0.4242,47.49
5.5152,0.4242,45.242
5.6364,0.4242,43.01
5.7576,0.4242,40.786
5.8788,0.4242,38.564
6.0,0.4242,36.339
-6.0,0.5455,48.072
-5.8788,0.5455,50.277
-5.7576,0.5455,52.772
-5.6364,0.5455,55.59
-5.5152,0.5455,58.757
-5.3939,0.5455,62.288
-5.2727,0.5455,66.183
-5.1515,0.5455,70.424
-5.0303,0.5455,74.973
-4.9091,0.5455,79.769
-4.7879,0.5455,84.728
-4.6667,0.5455,89.747
-4.5455,0.5455,94.704
-4.4242,0.5455,99.469
-4.303,0.5455,103.908
-4.1818,0.5455,107.893
-4.0606,0.5455,111.309
-3.9394,0.5455,114.066
-3.8182,0.5455,116.099
-3.697,0.5455,117.38
-3.5758,0.5455,117.914
-3.4545,0.5455,117.743
-3.3333,0.5455,116.938
-3.2121,0.5455,115.599
-3.0909,0.5455,113.848
-2.9697,0.5455,111.82
-2.8485,0.5455,109.664
-2.7273,0.5455,107.536
-2.6061,0.5455,105.6
-2.4848,0.5455,104.029
-2.3636,0.5455,103.012
-2.2424,0.5455,102.755
-2.1212,0.5455,103.488
-2.0,0.5455,105.468
-1.8788,0.5455,108.973
-1.7576,0.5455,114.294
-1.6364,0.5455,121.715
-1.5152,0.5455,131.481
-1.3939,0.5455,143.762
-1.2727,0.5455,158.61
-1.1515,0.5455,175.912
-1.0303,0.5455,195.357
-0.9091,0.5455,216.41
-0.7879,0.5455,238.314
-0.6667,0.5455,260.12
-0.5455,0.5455,280.739
-0.4242,0.5455,299.029
-0.303,0.5455,313.896
-0.1818,0.5455,324.396
-0.0606,0.5455,329.84
0.0606,0.5455,329.861
0.1818,0.5455,324.459
0.303,0.5455,314.0
0.4242,0.5455,299.175
0.5455,0.5455,280.927
0.6667,0.5455,260.347
0.7879,0.5455,238.574
0.9091,0.5455,216.689
1.0303,0.5455,195.635
1.1515,0.5455,176.154
1.2727,0.5455,158.765
1.3939,0.5455,143.758
1.5152,0.5455,131.221
1.6364,0.5455,121.071
1.7576,0.5455,113.105
1.8788,0.5455,107.043
2.0,0.5455,102.565
2.1212,0.5455,99.351
2.2424,0.5455,97.096
2.3636,0.5455,95.532
2.4848,0.5455,94.428
2.6061,0.5455,93.595
2.7273,0.5455,92.883
2.8485,0.5455,92.179
2.9697,0.5455,91.394
3.0909,0.5455,90.471
3.2121,0.5455,89.367
3.3333,0.5455,88.06
3.4545,0.5455,86.541
3.5758,0.5455,84.812
3.697,0.5455,82.884
3.8182,0.5455,80.776
3.9394,0.5455,78.513
4.0606,0.5455,76.123
4.1818,0.5455,73.636
4.303,0.5455,71.083
4.4242,0.5455,68.492
4.5455,0.5455,65.891
4.6667,0.5455,63.302
4.7879,0.5455,60.745
4.9091,0.5455,58.233
5.0303,0.5455,55.776
5.1515,0.5455,53.377
5.2727,0.5455,51.035
5.3939,0.5455,48.747
5.5152,0.5455,46.506
5.6364,0.5455,44.302
5.7576,0.5455,42.125
5.8788,0.5455,39.966
6.0,0.5455,37.816
-6.0,0.6667,47.4
-5.8788,0.6667,49.413
-5.7576,0.6667,51.671
-5.6364,0.6667,54.2
-5.5152,0.6667,57.023
-5.3939,0.6667,60.151
-5.2727,0.6667,63.585
-5.1515,0.6667,67.312
-5.0303,0.6667,71.3
-4.9091,0.6667,75.5
-4.7879,0.6667,79.843
-4.6667,0.6667,84.246
-4.5455,0.6667,88.611
-4.4242,0.6667,92.831
-4.303,0.6667,96.797
-4.1818,0.6667,100.404
-4.0606,0.6667,103.559
-3.9394,0.6667,106.187
-3.8182,0.6667,108.233
-3.697,0.6667,109.671
-3.5758,0.6667,110.502
-3.4545,0.6667,110.754
-3.3333,0.6667,110.48
-3.2121,0.6667,109.755
-3.0909,0.6667,108.67
-2.9697,0.6667,107.332
-2.8485,0.6667,105.857
-2.7273,0.6667,104.37
-2.6061,0.6667,103.007
-2.4848,0.6667,101.916
-2.3636,0.6667,101.261
-2.2424,0.6667,101.225
-2.1212,0.6667,102.019
-2.0,0.6667,103.876
-1.8788,0.6667,107.053
-1.7576,0.6667,111.818
-1.6364,0.6667,118.433
-1.5152,0.6667,127.125
-1.3939,0.6667,138.052
-1.2727,0.6667,151.268
-1.1515,0.6667,166.674
-1.0303,0.6667,183.997
-0.9091,0.6667,202.76
-0.7879,0.6667,222.289
-0.6667,0.6667,241.735
-0.5455,0.6667,260.129
-0.4242,0.6667,276.449
-0.303,0.6667,289.718
-0.1818,0.6667,299.094
-0.0606,0.6667,303.96
0.0606,0.6667,303.988
0.1818,0.6667,299.179
0.303,0.6667,289.858
0.4242,0.6667,276.642
0.5455,0.6667,260.372
0.6667,0.6667,242.023
0.7879,0.6667,222.613
0.9091,0.6667,203.107
1.0303,0.6667,184.349
1.1515,0.6667,167.005
1.2727,0.6667,151.539
1.3939,0.6667,138.214
1.5152,0.6667,127.111
1.6364,0.6667,118.16
1.7576,0.6667,111.18
1.8788,0.6667,105.923
2.0,0.6667,102.104
2.1212,0.6667,99.434
2.2424,0.6667,97.64
2.3636,0.6667,96.473
2.4848,0.6667,95.723
2.6061,0.6667,95.211
2.7273,0.6667,94.793
2.8485,0.6667,94.356
2.9697,0.6667,93.812
3.0909,0.6667,93.097
3.2121,0.6667,92.165
3.3333,0.6667,90.989
3.4545,0.6667,89.555
3.5758,0.6667,87.865
3.697,0.6667,85.928
3.8182,0.6667,83.768
3.9394,0.6667,81.411
4.0606,0.6667,78.892
4.1818,0.6667,76.249
4.303,0.6667,73.52
4.4242,0.6667,70.742
4.5455,0.6667,67.952
4.6667,0.6667,65.18
4.7879,0.6667,62.452
4.9091,0.6667,59.786
5.0303,0.6667,57.197
5.1515,0.6667,54.692
5.2727,0.6667,52.272
5.3939,0.6667,49.933
5.5152,0.6667,47.668
5.6364,0.6667,45.466
5.7576,0.6667,43.315
5.8788,0.6667,41.202
6.0,0.6667,39.115
-6.0,0.7879,46.766
-5.8788,0.7879,48.607
-5.7576,0.7879,50.652
-5.6364,0.7879,52.924
-5.5152,0.7879,55.438
-5.3939,0.7879,58.207
-5.2727,0.7879,61.231
-5.1515,0.7879,64.499
-5.0303,0.7879,67.989
-4.9091,0.7879,71.661
-4.7879,0.7879,75.461
-4.6667,0.7879,79.324
-4.5455,0.7879,83.173
-4.4242,0.7879,86.924
-4.303,0.7879,90.49
-4.1818,0.7879,93.788
-4.0606,0.7879,96.745
-3.9394,0.7879,99.298
-3.8182,0.7879,101.402
-3.697,0.7879,103.033
-3.5758,0.7879,104.184
-3.4545,0.7879,104.872
-3.3333,0.7879,105.13
-3.2121,0.7879,105.006
-3.0909,0.7879,104.566
-2.9697,0.7879,103.884
-2.8485,0.7879,103.045
-2.7273,0.7879,102.146
-2.6061,0.7879,101.293
-2.4848,0.7879,100.61
-2.3636,0.7879,100.237
-2.2424,0.7879,100.337
-2.1212,0.7879,101.099
-2.0,0.7879,102.735
-1.8788,0.7879,105.48
-1.7576,0.7879,109.579
-1.6364,0.7879,115.271
-1.5152,0.7879,122.765
-1.3939,0.7879,132.209
-1.2727,0.7879,143.653
-1.1515,0.7879,157.018
-1.0303,0.7879,172.067
-0.9091,0.7879,188.385
-0.7879,0.7879,205.385
-0.6667,0.7879,222.325
-0.5455,0.7879,238.356
-0.4242,0.7879,252.587
-0.303,0.7879,264.164
-0.1818,0.7879,272.35
-0.0606,0.7879,276.605
0.0606,0.7879,276.643
0.1818,0.7879,272.463
0.303,0.7879,264.349
0.4242,0.7879,252.839
0.5455,0.7879,238.668
0.6667,0.7879,222.687
0.7879,0.7879,205.786
0.9091,0.7879,188.811
1.0303,0.7879,172.498
1.1515,0.7879,157.434
1.2727,0.7879,144.027
1.3939,0.7879,132.51
1.5152,0.7879,122.958
1.6364,0.7879,115.311
1.7576,0.7879,109.416
1.8788,0.7879,105.053
2.0,0.7879,101.975
2.1212,0.7879,99.924
2.2424,0.7879,98.657
2.3636,0.7879,97.949
2.4848,0.7879,97.605
2.6061,0.7879,97.458
2.7273,0.7879,97.37
2.8485,0.7879,97.227
2.9697,0.7879,96.939
3.0909,0.7879,96.438
3.2121,0.7879,95.674
3.3333,0.7879,94.615
3.4545,0.7879,93.245
3.5758,0.7879,91.563
3.697,0.7879,89.581
3.8182,0.7879,87.324
3.9394,0.7879,84.826
4.0606,0.7879,82.128
4.1818,0.7879,79.276
4.303,0.7879,76.318
4.4242,0.7879,73.3
4.5455,0.7879,70.268
4.6667,0.7879,67.261
4.7879,0.7879,64.312
4.9091,0.7879,61.447
5.0303,0.7879,58.683
5.1515,0.7879,56.031
5.2727,0.7879,53.494
5.3939,0.7879,51.07
5.5152,0.7879,48.75
5.6364,0.7879,46.523
5.7576,0.7879,44.373
5.8788,0.7879,42.286
6.0,0.7879,40.246
-6.0,0.9091,46.175
-5.8788,0.9091,47.865
-5.7576,0.9091,49.723
-5.6364,0.9091,51.768
-5.5152,0.9091,54.013
-5.3939,0.9091,56.468
-5.2727,0.9091,59.134
-5.1515,0.9091,62.006
-5.0303,0.9091,65.064
-4.9091,0.9091,68.281
-4.7879,0.9091,71.617
-4.6667,0.9091,75.021
-4.5455,0.9091,78.437
-4.4242,0.9091,81.801
-4.303,0.9091,85.048
-4.1818,0.9091,88.115
-4.0606,0.9091,90.943
-3.9394,0.9091,93.485
-3.8182,0.9091,95.701
-3.697,0.9091,97.568
-3.5758,0.9091,99.073
-3.4545,0.9091,100.217
-3.3333,0.9091,101.015
-3.2121,0.9091,101.49
-3.0909,0.9091,101.678
-2.9697,0.9091,101.623
-2.8485,0.9091,101.38
-2.7273,0.9091,101.016
-2.6061,0.9091,100.61
-2.4848,0.9091,100.262
-2.3636,0.9091,100.092
-2.2424,0.9091,100.242
-2.1212,0.9091,100.882
-2.0,0.9091,102.207
-1.8788,0.9091,104.43
-1.7576,0.9091,107.777
-1.6364,0.9091,112.465
-1.5152,0.9091,118.687
-1.3939,0.9091,126.577
-1.2727,0.9091,136.188
-1.1515,0.9091,147.459
-1.0303,0.9091,160.187
-0.9091,0.9091,174.022
-0.7879,0.9091,188.459
-0.6667,0.9091,202.865
-0.5455,0.9091,216.513
-0.4242,0.9091,228.64
-0.303,0.9091,238.514
-0.1818,0.9091,245.503
-0.0606,0.9091,249.146
0.0606,0.9091,249.197
0.1818,0.9091,245.652
0.303,0.9091,238.756
0.4242,0.9091,228.966
0.5455,0.9091,216.91
0.6667,0.9091,203.316
0.7879,0.9091,188.945
0.9091,0.9091,174.522
1.0303,0.9091,160.681
1.1515,0.9091,147.925
1.2727,0.9091,136.608
1.3939,0.9091,126.934
1.5152,0.9091,118.97
1.6364,0.9091,112.669
1.7576,0.9091,107.9
1.8788,0.9091,104.479
2.0,0.9091,102.19
2.1212,0.9091,100.808
2.2424,0.9091,100.117
2.3636,0.9091,99.915
2.4848,0.9091,100.022
2.6061,0.9091,100.281
2.7273,0.9091,100.555
2.8485,0.9091,100.733
2.9697,0.9091,100.721
3.0909,0.9091,100.445
3.2121,0.9091,99.85
3.3333,0.9091,98.901
3.4545,0.9091,97.579
3.5758,0.9091,95.881
3.697,0.9091,93.824
3.8182,0.9091,91.434
3.9394,0.9091,88.753
4.0606,0.9091,85.829
4.1818,0.9091,82.72
4.303,0.9091,79.482
4.4242,0.9091,76.173
4.5455,0.9091,72.849
4.6667,0.9091,69.558
4.7879,0.9091,66.341
4.9091,0.9091,63.23
5.0303,0.9091,60.248
5.1515,0.9091,57.41
5.2727,0.9091,54.721
5.3939,0.9091,52.178
5.5152,0.9091,49.773
5.6364,0.9091,47.493
5.7576,0.9091,45.321
5.8788,0.9091,43.238
6.0,0.9091,41.226
-6.0,1.0303,45.628
-5.8788,1.0303,47.187
-5.7576,1.0303,48.884
-5.6364,1.0303,50.734
-5.5152,1.0303,52.749
-5.3939,1.0303,54.936
-5.2727,1.0303,57.299
-5.1515,1.0303,59.833
-5.0303,1.0303,62.528
-4.9091,1.0303,65.364
-4.7879,1.0303,68.314
-4.6667,1.0303,71.344
-4.5455,1.0303,74.413
-4.4242,1.0303,77.477
-4.303,1.0303,80.489
-4.1818,1.0303,83.406
-4.0606,1.0303,86.183
-3.9394,1.0303,88.784
-3.8182,1.0303,91.175
-3.697,1.0303,93.331
-3.5758,1.0303,95.232
-3.4545,1.0303,96.865
-3.3333,1.0303,98.223
-3.2121,1.0303,99.303
-3.0909,1.0303,100.113
-2.9697,1.0303,100.664
-2.8485,1.0303,100.982
-2.7273,1.0303,101.105
-2.6061,1.0303,101.087
-2.4848,1.0303,101.005
-2.3636,1.0303,100.959
-2.2424,1.0303,101.076
-2.1212,1.0303,101.511
-2.0,1.0303,102.442
-1.8788,1.0303,104.068
-1.7576,1.0303,106.597
-1.6364,1.0303,110.23
-1.5152,1.0303,115.144
-1.3939,1.0303,121.467
-1.2727,1.0303,129.251
-1.1515,1.0303,138.452
-1.0303,1.0303,148.905
-0.9091,1.0303,160.316
-0.7879,1.0303,172.264
-0.6667,1.0303,184.215
-0.5455,1.0303,195.56
-0.4242,1.0303,205.657
-0.303,1.0303,213.89
-0.1818,1.0303,219.73
-0.0606,1.0303,222.787
0.0606,1.0303,222.854
0.1818,1.0303,219.927
0.303,1.0303,214.206
0.4242,1.0303,206.076
0.5455,1.0303,196.06
0.6667,1.0303,184.768
0.7879,1.0303,172.839
0.9091,1.0303,160.882
1.0303,1.0303,149.43
1.1515,1.0303,138.909
1.2727,1.0303,129.622
1.3939,1.0303,121.743
1.5152,1.0303,115.335
1.6364,1.0303,110.362
1.7576,1.0303,106.718
1.8788,1.0303,104.246
2.0,1.0303,102.763
2.1212,1.0303,102.076
2.2424,1.0303,101.993
2.3636,1.0303,102.331
2.4848,1.0303,102.925
2.6061,1.0303,103.622
2.7273,1.0303,104.291
2.8485,1.0303,104.815
2.9697,1.0303,105.098
3.0909,1.0303,105.059
3.2121,1.0303,104.64
3.3333,1.0303,103.798
3.4545,1.0303,102.512
3.5758,1.0303,100.781
3.697,1.0303,98.622
3.8182,1.0303,96.068
3.9394,1.0303,93.166
4.0606,1.0303,89.977
4.1818,1.0303,86.565
4.303,1.0303,83.001
4.4242,1.0303,79.355
4.5455,1.0303,75.691
4.6667,1.0303,72.069
4.7879,1.0303,68.539
4.9091,1.0303,65.141
5.0303,1.0303,61.902
5.1515,1.0303,58.84
5.2727,1.0303,55.964
5.3939,1.0303,53.271
5.5152,1.0303,50.752
5.6364,1.0303,48.392
5.7576,1.0303,46.173
5.8788,1.0303,44.074
6.0,1.0303,42.071
-6.0,1.1515,45.121
-5.8788,1.1515,46.57
-5.7576,1.1515,48.131
-5.6364,1.1515,49.817
-5.5152,1.1515,51.639
-5.3939,1.1515,53.602
-5.2727,1.1515,55.712
-5.1515,1.1515,57.969
-5.0303,1.1515,60.366
-4.9091,1.1515,62.894
-4.7879,1.1515,65.536
-4.6667,1.1515,68.273
-4.5455,1.1515,71.079
-4.4242,1.1515,73.929
-4.303,1.1515,76.794
-4.1818,1.1515,79.645
-4.0606,1.1515,82.452
-3.9394,1.1515,85.188
-3.8182,1.1515,87.824
-3.697,1.1515,90.332
-3.5758,1.1515,92.683
-3.4545,1.1515,94.847
-3.3333,1.1515,96.796
-3.2121,1.1515,98.501
-3.0909,1.1515,99.936
-2.9697,1.1515,101.085
-2.8485,1.1515,101.939
-2.7273,1.1515,102.51
-2.6061,1.1515,102.827
-2.4848,1.1515,102.945
-2.3636,1.1515,102.95
-2.2424,1.1515,102.955
-2.1212,1.1515,103.104
-2.0,1.1515,103.566
-1.8788,1.1515,104.53
-1.7576,1.1515,106.192
-1.6364,1.1515,108.742
-1.5152,1.1515,112.347
-1.3939,1.1515,117.129
-1.2727,1.1515,123.145
-1.1515,1.1515,130.365
-1.0303,1.1515,138.66
-0.9091,1.1515,147.788
-0.7879,1.1515,157.403
-0.6667,1.1515,167.063
-0.5455,1.1515,176.265
-0.4242,1.1515,184.478
-0.303,1.1515,191.194
-0.1818,1.1515,195.973
-0.0606,1.1515,198.494
0.0606,1.1515,198.582
0.1818,1.1515,196.232
0.303,1.1515,191.606
0.4242,1.1515,185.018
0.5455,1.1515,176.895
0.6667,1.1515,167.74
0.7879,1.1515,158.076
0.9091,1.1515,148.408
1.0303,1.1515,139.176
1.1515,1.1515,130.736
1.2727,1.1515,123.344
1.3939,1.1515,117.148
1.5152,1.1515,112.208
1.6364,1.1515,108.497
1.7576,1.1515,105.933
1.8788,1.1515,104.385
2.0,1.1515,103.701
2.1212,1.1515,103.713
2.2424,1.1515,104.252
2.3636,1.1515,105.153
2.4848,1.1515,106.258
2.6061,1.1515,107.421
2.7273,1.1515,108.509
2.8485,1.1515,109.403
2.9697,1.1515,110.0
3.0909,1.1515,110.212
3.2121,1.1515,109.974
3.3333,1.1515,109.239
3.4545,1.1515,107.983
3.5758,1.1515,106.204
3.697,1.1515,103.922
3.8182,1.1515,101.176
3.9394,1.1515,98.023
4.0606,1.1515,94.53
4.1818,1.1515,90.778
4.303,1.1515,86.847
4.4242,1.1515,82.82
4.5455,1.1515,78.775
4.6667,1.1515,74.781
4.7879,1.1515,70.898
4.9091,1.1515,67.173
5.0303,1.1515,63.641
5.1515,1.1515,60.322
5.2727,1.1515,57.227
5.3939,1.1515,54.355
5.5152,1.1515,51.696
5.6364,1.1515,49.233
5.7576,1.1515,46.945
5.8788,1.1515,44.808
6.0,1.1515,42.797
-6.0,1.2727,44.652
-5.8788,1.2727,46.007
-5.7576,1.2727,47.456
-5.6364,1.2727,49.007
-5.5152,1.2727,50.669
-5.3939,1.2727,52.45
-5.2727,1.2727,54.356
-5.1515,1.2727,56.389
-5.0303,1.2727,58.55
-4.9091,1.2727,60.836
-4.7879,1.2727,63.244
-4.6667,1.2727,65.766
-4.5455,1.2727,68.392
-4.4242,1.2727,71.113
-4.303,1.2727,73.915
-4.1818,1.2727,76.784
-4.0606,1.2727,79.705
-3.9394,1.2727,82.656
-3.8182,1.2727,85.613
-3.697,1.2727,88.542
-3.5758,1.2727,91.405
-3.4545,1.2727,94.154
-3.3333,1.2727,96.737
-3.2121,1.2727,99.096
-3.0909,1.2727,101.174
-2.9697,1.2727,102.921
-2.8485,1.2727,104.298
-2.7273,1.2727,105.286
-2.6061,1.2727,105.891
-2.4848,1.2727,106.152
-2.3636,1.2727,106.138
-2.2424,1.2727,105.957
-2.1212,1.2727,105.746
-2.0,1.2727,105.671
-1.8788,1.2727,105.916
-1.7576,1.2727,106.675
-1.6364,1.2727,108.132
-1.5152,1.2727,110.449
-1.3939,1.2727,113.748
-1.2727,1.2727,118.091
-1.1515,1.2727,123.465
-1.0303,1.2727,129.769
-0.9091,1.2727,136.812
-0.7879,1.2727,144.309
-0.6667,1.2727,151.902
-0.5455,1.2727,159.179
-0.4242,1.2727,165.707
-0.303,1.2727,171.069
-0.1818,1.2727,174.908
-0.0606,1.2727,176.959
0.0606,1.2727,177.075
0.1818,1.2727,175.251
0.303,1.2727,171.611
0.4242,1.2727,166.407
0.5455,1.2727,159.981
0.6667,1.2727,152.738
0.7879,1.2727,145.101
0.9091,1.2727,137.481
1.0303,1.2727,130.238
1.1515,1.2727,123.667
1.2727,1.2727,117.979
1.3939,1.2727,113.306
1.5152,1.2727,109.7
1.6364,1.2727,107.15
1.7576,1.2727,105.589
1.8788,1.2727,104.915
2.0,1.2727,104.998
2.1212,1.2727,105.695
2.2424,1.2727,106.855
2.3636,1.2727,108.326
2.4848,1.2727,109.957
2.6061,1.2727,111.604
2.7273,1.2727,113.131
2.8485,1.2727,114.413
2.9697,1.2727,115.338
3.0909,1.2727,115.812
3.2121,1.2727,115.762
3.3333,1.2727,115.134
3.4545,1.2727,113.902
3.5758,1.2727,112.064
3.697,1.2727,109.643
3.8182,1.2727,106.684
3.9394,1.2727,103.253
4.0606,1.2727,99.428
4.1818,1.2727,95.302
4.303,1.2727,90.969
4.4242,1.2727,86.526
4.5455,1.2727,82.063
4.6667,1.2727,77.662
4.7879,1.2727,73.392
4.9091,1.2727,69.308
5.0303,1.2727,65.452
5.1515,1.2727,61.847
5.2727,1.2727,58.507
5.3939,1.2727,55.431
5.5152,1.2727,52.609
5.6364,1.2727,50.022
5.7576,1.2727,47.646
5.8788,1.2727,45.454
6.0,1.2727,43.418
-6.0,1.3939,44.213
-5.8788,1.3939,45.492
-5.7576,1.3939,46.848
-5.6364,1.3939,48.289
-5.5152,1.3939,49.824
-5.3939,1.3939,51.459
-5.2727,1.3939,53.203
-5.1515,1.3939,55.062
-5.0303,1.3939,57.042
-4.9091,1.3939,59.15
-4.7879,1.3939,61.39
-4.6667,1.3939,63.769
-4.5455,1.3939,66.291
-4.4242,1.3939,68.961
-4.303,1.3939,71.781
-4.1818,1.3939,74.752
-4.0606,1.3939,77.868
-3.9394,1.3939,81.116
-3.8182,1.3939,84.471
-3.697,1.3939,87.896
-3.5758,1.3939,91.339
-3.4545,1.3939,94.735
-3.3333,1.3939,98.003
-3.2121,1.3939,101.057
-3.0909,1.3939,103.804
-2.9697,1.3939,106.161
-2.8485,1.3939,108.055
-2.7273,1.3939,109.439
-2.6061,1.3939,110.296
-2.4848,1.3939,110.647
-2.3636,1.3939,110.553
-2.2424,1.3939,110.117
-2.1212,1.3939,109.476
-2.0,1.3939,108.801
-1.8788,1.3939,108.28
-1.7576,1.3939,108.107
-1.6364,1.3939,108.472
-1.5152,1.3939,109.539
-1.3939,1.3939,111.432
-1.2727,1.3939,114.221
-1.1515,1.3939,117.91
-1.0303,1.3939,122.424
-0.9091,1.3939,127.612
-0.7879,1.3939,133.244
-0.6667,1.3939,139.03
-0.5455,1.3939,144.636
-0.4242,1.3939,149.708
-0.303,1.3939,153.909
-0.1818,1.3939,156.947
-0.0606,1.3939,158.605
0.0606,1.3939,158.761
0.1818,1.3939,157.402
0.303,1.3939,154.625
0.4242,1.3939,150.624
0.5455,1.3939,145.669
0.6667,1.3939,140.08
0.7879,1.3939,134.196
0.9091,1.3939,128.345
1.0303,1.3939,122.822
1.1515,1.3939,117.868
1.2727,1.3939,113.661
1.3939,1.3939,110.316
1.5152,1.3939,107.884
1.6364,1.3939,106.363
1.7576,1.3939,105.706
1.8788,1.3939,105.832
2.0,1.3939,106.632
2.1212,1.3939,107.983
2.2424,1.3939,109.748
2.3636,1.3939,111.784
2.4848,1.3939,113.943
2.6061,1.3939,116.082
2.7273,1.3939,118.058
2.8485,1.3939,119.739
2.9697,1.3939,121.003
3.0909,1.3939,121.746
3.2121,1.3939,121.887
3.3333,1.3939,121.368
3.4545,1.3939,120.156
3.5758,1.3939,118.252
3.697,1.3939,115.679
3.8182,1.3939,112.491
3.9394,1.3939,108.761
4.0606,1.3939,104.582
4.1818,1.3939,100.057
4.303,1.3939,95.297
4.4242,1.3939,90.41
4.5455,1.3939,85.502
4.6667,1.3939,80.667
4.7879,1.3939,75.983
4.9091,1.3939,71.515
5.0303,1.3939,67.31
5.1515,1.3939,63.398
5.2727,1.3939,59.792
5.3939,1.3939,56.493
5.5152,1.3939,53.49
5.6364,1.3939,50.762
5.7576,1.3939,48.282
5.8788,1.3939,46.021
6.0,1.3939,43.945
-6.0,1.5152,43.8
-5.8788,1.5152,45.016
-5.7576,1.5152,46.297
-5.6364,1.5152,47.651
-5.5152,1.5152,49.084
-5.3939,1.5152,50.605
-5.2727,1.5152,52.225
-5.1515,1.5152,53.953
-5.0303,1.5152,55.802
-4.9091,1.5152,57.785
-4.7879,1.5152,59.918
-4.6667,1.5152,62.218
-4.5455,1.5152,64.704
-4.4242,1.5152,67.395
-4.303,1.5152,70.309
-4.1818,1.5152,73.458
-4.0606,1.5152,76.847
-3.9394,1.5152,80.469
-3.8182,1.5152,84.299
-3.697,1.5152,88.294
-3.5758,1.5152,92.389
-3.4545,1.5152,96.495
-3.3333,1.5152,100.505
-3.2121,1.5152,104.298
-3.0909,1.5152,107.749
-2.9697,1.5152,110.734
-2.8485,1.5152,113.148
-2.7273,1.5152,114.915
-2.6061,1.5152,115.994
-2.4848,1.5152,116.392
-2.3636,1.5152,116.163
-2.2424,1.5152,115.41
-2.1212,1.5152,114.279
-2.0,1.5152,112.948
-1.8788,1.5152,111.618
-1.7576,1.5152,110.496
-1.6364,1.5152,109.78
-1.5152,1.5152,109.642
-1.3939,1.5152,110.216
-1.2727,1.5152,111.583
-1.1515,1.5152,113.761
-1.0303,1.5152,116.7
-0.9091,1.5152,120.279
-0.7879,1.5152,124.315
-0.6667,1.5152,128.57
-0.5455,1.5152,132.772
-0.4242,1.5152,136.633
-0.303,1.5152,139.877
-0.1818,1.5152,142.264
-0.0606,1.5152,143.614
0.0606,1.5152,143.822
0.1818,1.5152,142.872
0.303,1.5152,140.831
0.4242,1.5152,137.845
0.5455,1.5152,134.125
0.6667,1.5152,129.921
0.7879,1.5152,125.499
0.9091,1.5152,121.124
1.0303,1.5152,117.033
1.1515,1.5152,113.427
1.2727,1.5152,110.458
1.3939,1.5152,108.228
1.5152,1.5152,106.79
1.6364,1.5152,106.152
1.7576,1.5152,106.282
1.8788,1.5152,107.117
2.0,1.5152,108.569
2.1212,1.5152,110.526
2.2424,1.5152,112.864
2.3636,1.5152,115.445
2.4848,1.5152,118.123
2.6061,1.5152,120.749
2.7273,1.5152,123.174
2.8485,1.5152,125.255
2.9697,1.5152,126.86
3.0909,1.5152,127.876
3.2121,1.5152,128.209
3.3333,1.5152,127.797
3.4545,1.5152,126.603
3.5758,1.5152,124.625
3.697,1.5152,121.893
3.8182,1.5152,118.466
3.9394,1.5152,114.426
4.0606,1.5152,109.877
4.1818,1.5152,104.939
4.303,1.5152,99.735
4.4242,1.5152,94.388
4.5455,1.5152,89.019
4.6667,1.5152,83.731
4.7879,1.5152,78.618
4.9091,1.5152,73.75
5.0303,1.5152,69.182
5.1515,1.5152,64.947
5.2727,1.5152,61.062
5.3939,1.5152,57.527
5.5152,1.5152,54.33
5.6364,1.5152,51.449
5.7576,1.5152,48.854
5.8788,1.5152,46.512
6.0,1.5152,44.386
-6.0,1.6364,43.405
-5.8788,1.6364,44.571
-5.7576,1.6364,45.792
-5.6364,1.6364,47.076
-5.5152,1.6364,48.43
-5.3939,1.6364,49.865
-5.2727,1.6364,51.392
-5.1515,1.6364,53.026
-5.0303,1.6364,54.785
-4.9091,1.6364,56.689
-4.7879,1.6364,58.765
-4.6667,1.6364,61.042
-4.5455,1.6364,63.552
-4.4242,1.6364,66.328
-4.303,1.6364,69.401
-4.1818,1.6364,72.796
-4.0606,1.6364,76.528
-3.9394,1.6364,80.595
-3.8182,1.6364,84.972
-3.697,1.6364,89.606
-3.5758,1.6364,94.418
-3.4545,1.6364,99.295
-3.3333,1.6364,104.102
-3.2121,1.6364,108.682
-3.0909,1.6364,112.869
-2.9697,1.6364,116.504
-2.8485,1.6364,119.446
-2.7273,1.6364,121.587
-2.6061,1.6364,122.865
-2.4848,1.6364,123.274
-2.3636,1.6364,122.865
-2.2424,1.6364,121.744
-2.1212,1.6364,120.07
-2.0,1.6364,118.039
-1.8788,1.6364,115.869
-1.7576,1.6364,113.787
-1.6364,1.6364,112.008
-1.5152,1.6364,110.719
-1.3939,1.6364,110.069
-1.2727,1.6364,110.149
-1.1515,1.6364,110.995
-1.0303,1.6364,112.573
-0.9091,1.6364,114.792
-0.7879,1.6364,117.5
-0.6667,1.6364,120.501
-0.5455,1.6364,123.569
-0.4242,1.6364,126.463
-0.303,1.6364,128.955
-0.1818,1.6364,130.844
-0.0606,1.6364,131.974
0.0606,1.6364,132.254
0.1818,1.6364,131.658
0.303,1.6364,130.232
0.4242,1.6364,128.081
0.5455,1.6364,125.366
0.6667,1.6364,122.28
0.7879,1.6364,119.035
0.9091,1.6364,115.842
1.0303,1.6364,112.896
1.1515,1.6364,110.367
1.2727,1.6364,108.389
1.3939,1.6364,107.056
1.5152,1.6364,106.423
1.6364,1.6364,106.508
1.7576,1.6364,107.295
1.8788,1.6364,108.736
2.0,1.6364,110.757
2.1212,1.6364,113.259
2.2424,1.6364,116.123
2.3636,1.6364,119.215
2.4848,1.6364,122.386
2.6061,1.6364,125.482
2.7273,1.6364,128.343
2.8485,1.6364,130.815
2.9697,1.6364,132.755
3.0909,1.6364,134.038
3.2121,1.6364,134.561
3.3333,1.6364,134.252
3.4545,1.6364,133.073
3.5758,1.6364,131.02
3.697,1.6364,128.125
3.8182,1.6364,124.454
3.9394,1.6364,120.1
4.0606,1.6364,115.18
4.1818,1.6364,109.823
4.303,1.6364,104.17
4.4242,1.6364,98.359
4.5455,1.6364,92.523
4.6667,1.6364,86.78
4.7879,1.6364,81.231
4.9091,1.6364,75.958
5.0303,1.6364,71.022
5.1515,1.6364,66.459
5.2727,1.6364,62.289
5.3939,1.6364,58.513
5.5152,1.6364,55.117
5.6364,1.6364,52.077
5.7576,1.6364,49.36
5.8788,1.6364,46.929
6.0,1.6364,44.746
-6.0,1.7576,43.023
-5.8788,1.7576,44.147
-5.7576,1.7576,45.321
-5.6364,1.7576,46.551
-5.5152,1.7576,47.845
-5.3939,1.7576,49.215
-5.2727,1.7576,50.676
-5.1515,1.7576,52.245
-5.0303,1.7576,53.948
-4.9091,1.7576,55.812
-4.7879,1.7576,57.873
-4.6667,1.7576,60.173
-4.5455,1.7576,62.755
-4.4242,1.7576,65.667
-4.303,1.7576,68.953
-4.1818,1.7576,72.652
-4.0606,1.7576,76.785
-3.9394,1.7576,81.356
-3.8182,1.7576,86.337
-3.697,1.7576,91.668
-3.5758,1.7576,97.252
-3.4545,1.7576,102.953
-3.3333,1.7576,108.603
-3.2121,1.7576,114.007
-3.0909,1.7576,118.961
-2.9697,1.7576,123.264
-2.8485,1.7576,126.74
-2.7273,1.7576,129.25
-2.6061,1.7576,130.71
-2.4848,1.7576,131.102
-2.3636,1.7576,130.476
-2.2424,1.7576,128.949
-2.1212,1.7576,126.694
-2.0,1.7576,123.93
-1.8788,1.7576,120.903
-1.7576,1.7576,117.863
-1.6364,1.7576,115.051
-1.5152,1.7576,112.674
-1.3939,1.7576,110.897
-1.2727,1.7576,109.829
-1.1515,1.7576,109.518
-1.0303,1.7576,109.949
-0.9091,1.7576,111.047
-0.7879,1.7576,112.687
-0.6667,1.7576,114.7
-0.5455,1.7576,116.892
-0.4242,1.7576,119.058
-0.303,1.7576,120.997
-0.1818,1.7576,122.537
-0.0606,1.7576,123.538
0.0606,1.7576,123.913
0.1818,1.7576,123.628
0.303,1.7576,122.707
0.4242,1.7576,121.225
0.5455,1.7576,119.302
0.6667,1.7576,117.086
0.7879,1.7576,114.748
0.9091,1.7576,112.458
1.0303,1.7576,110.383
1.1515,1.7576,108.669
1.2727,1.7576,107.437
1.3939,1.7576,106.782
1.5152,1.7576,106.762
1.6364,1.7576,107.407
1.7576,1.7576,108.712
1.8788,1.7576,110.644
2.0,1.7576,113.139
2.1212,1.7576,116.107
2.2424,1.7576,119.435
2.3636,1.7576,122.987
2.4848,1.7576,126.611
2.6061,1.7576,130.142
2.7273,1.7576,133.413
2.8485,1.7576,136.256
2.9697,1.7576,138.515
3.0909,1.7576,140.052
3.2121,1.7576,140.755
3.3333,1.7576,140.544
3.4545,1.7576,139.376
3.5758,1.7576,137.247
3.697,1.7576,134.192
3.8182,1.7576,130.282
3.9394,1.7576,125.62
4.0606,1.7576,120.333
4.1818,1.7576,114.567
4.303,1.7576,108.474
4.4242,1.7576,102.208
4.5455,1.7576,95.913
4.6667,1.7576,89.722
4.7879,1.7576,83.747
4.9091,1.7576,78.076
5.0303,1.7576,72.777
5.1515,1.7576,67.892
5.2727,1.7576,63.441
5.3939,1.7576,59.426
5.5152,1.7576,55.832
5.6364,1.7576,52.633
5.7576,1.7576,49.793
5.8788,1.7576,47.273
6.0,1.7576,45.028
-6.0,1.8788,42.648
-5.8788,1.8788,43.739
-5.7576,1.8788,44.874
-5.6364,1.8788,46.062
-5.5152,1.8788,47.31
-5.3939,1.8788,48.633
-5.2727,1.8788,50.048
-5.1515,1.8788,51.577
-5.0303,1.8788,53.25
-4.9091,1.8788,55.103
-4.7879,1.8788,57.183
-4.6667,1.8788,59.539
-4.5455,1.8788,62.231
-4.4242,1.8788,65.319
-4.303,1.8788,68.859
-4.1818,1.8788,72.902
-4.0606,1.8788,77.478
-3.9394,1.8788,82.594
-3.8182,1.8788,88.221
-3.697,1.8788,94.289
-3.5758,1.8788,100.682
-3.4545,1.8788,107.24
-3.3333,1.8788,113.761
-3.2121,1.8788,120.013
-3.0909,1.8788,125.751
-2.9697,1.8788,130.733
-2.8485,1.8788,134.744
-2.7273,1.8788,137.617
-2.6061,1.8788,139.245
-2.4848,1.8788,139.601
-2.3636,1.8788,138.734
-2.2424,1.8788,136.775
-2.1212,1.8788,133.919
-2.0,1.8788,130.411
-1.8788,1.8788,126.527
-1.7576,1.8788,122.551
-1.6364,1.8788,118.749
-1.5152,1.8788,115.357
-1.3939,1.8788,112.56
-1.2727,1.8788,110.483
-1.1515,1.8788,109.189
-1.0303,1.8788,108.677
-0.9091,1.8788,108.885
-0.7879,1.8788,109.702
-0.6667,1.8788,110.979
-0.5455,1.8788,112.54
-0.4242,1.8788,114.199
-0.303,1.8788,115.777
-0.1818,1.8788,117.112
-0.0606,1.8788,118.073
0.0606,1.8788,118.573
0.1818,1.8788,118.568
0.303,1.8788,118.062
0.4242,1.8788,117.104
0.5455,1.8788,115.782
0.6667,1.8788,114.214
0.7879,1.8788,112.536
0.9091,1.8788,110.893
1.0303,1.8788,109.431
1.1515,1.8788,108.284
1.2727,1.8788,107.568
1.3939,1.8788,107.377
1.5152,1.8788,107.78
1.6364,1.8788,108.815
1.7576,1.8788,110.492
1.8788,1.8788,112.788
2.0,1.8788,115.649
2.1212,1.8788,118.991
2.2424,1.8788,122.704
2.3636,1.8788,126.648
2.4848,1.8788,130.666
2.6061,1.8788,134.585
2.7273,1.8788,138.224
2.8485,1.8788,141.403
2.9697,1.8788,143.953
3.0909,1.8788,145.723
3.2121,1.8788,146.591
3.3333,1.8788,146.469
3.4545,1.8788,145.309
3.5758,1.8788,143.106
3.697,1.8788,139.898
3.8182,1.8788,135.76
3.9394,1.8788,130.805
4.0606,1.8788,125.172
4.1818,1.8788,119.017
4.303,1.8788,112.506
4.4242,1.8788,105.808
4.5455,1.8788,99.079
4.6667,1.8788,92.463
4.7879,1.8788,86.083
4.9091,1.8788,80.035
5.0303,1.8788,74.391
5.1515,1.8788,69.199
5.2727,1.8788,64.481
5.3939,1.8788,60.238
5.5152,1.8788,56.455
5.6364,1.8788,53.104
5.7576,1.8788,50.146
5.8788,1.8788,47.537
6.0,1.8788,45.231
-6.0,2.0,42.276
-5.8788,2.0,43.339
-5.7576,2.0,44.443
-5.6364,2.0,45.597
-5.5152,2.0,46.811
-5.3939,2.0,48.1
-5.2727,2.0,49.484
-5.1515,2.0,50.99
-5.0303,2.0,52.653
-4.9091,2.0,54.518
-4.7879,2.0,56.638
-4.6667,2.0,59.076
-4.5455,2.0,61.903
-4.4242,2.0,65.19
-4.303,2.0,69.009
-4.1818,2.0,73.419
-4.0606,2.0,78.46
-3.9394,2.0,84.142
-3.8182,2.0,90.432
-3.697,2.0,97.251
-3.5758,2.0,104.465
-3.4545,2.0,111.889
-3.3333,2.0,119.286
-3.2121,2.0,126.388
-3.0909,2.0,132.907
-2.9697,2.0,138.562
-2.8485,2.0,143.101
-2.7273,2.0,146.325
-2.6061,2.0,148.109
-2.4848,2.0,148.416
-2.3636,2.0,147.299
-2.2424,2.0,144.903
-2.1212,2.0,141.446
-2.0,2.0,137.205
-1.8788,2.0,132.491
-1.7576,2.0,127.621
-1.6364,2.0,122.896
-1.5152,2.0,118.579
-1.3939,2.0,114.878
-1.2727,2.0,111.939
-1.1515,2.0,109.836
-1.0303,2.0,108.579
-0.9091,2.0,108.116
-0.7879,2.0,108.343
-0.6667,2.0,109.118
-0.5455,2.0,110.276
-0.4242,2.0,111.639
-0.303,2.0,113.034
-0.1818,2.0,114.303
-0.0606,2.0,115.315
0.0606,2.0,115.977
0.1818,2.0,116.233
0.303,2.0,116.069
0.4242,2.0,115.513
0.5455,2.0,114.63
0.6667,2.0,113.513
0.7879,2.0,112.277
0.9091,2.0,111.052
1.0303,2.0,109.969
1.1515,2.0,109.158
1.2727,2.0,108.736
1.3939,2.0,108.805
1.5152,2.0,109.441
1.6364,2.0,110.697
1.7576,2.0,112.592
1.8788,2.0,115.115
2.0,2.0,118.22
2.1212,2.0,121.83
2.2424,2.0,125.831
2.3636,2.0,130.083
2.4848,2.0,134.421
2.6061,2.0,138.661
2.7273,2.0,142.611
2.8485,2.0,146.078
2.9697,2.0,148.88
3.0909,2.0,150.852
3.2121,2.0,151.864
3.3333,2.0,151.818
3.4545,2.0,150.663
3.5758,2.0,148.39
3.697,2.0,145.041
3.8182,2.0,140.695
3.9394,2.0,135.473
4.0606,2.0,129.523
4.1818,2.0,123.014
4.303,2.0,116.123
4.4242,2.0,109.03
4.5455,2.0,101.906
4.6667,2.0,94.903
4.7879,2.0,88.153
4.9091,2.0,81.761
5.0303,2.0,75.804
5.1515,2.0,70.332
5.2727,2.0,65.37
5.3939,2.0,60.92
5.5152,2.0,56.965
5.6364,2.0,53.474
5.7576,2.0,50.407
5.8788,2.0,47.717
6.0,2.0,45.355
-6.0,2.1212,41.903
-5.8788,2.1212,42.942
-5.7576,2.1212,44.021
-5.6364,2.1212,45.148
-5.5152,2.1212,46.336
-5.3939,2.1212,47.6
-5.2727,2.1212,48.964
-5.1515,2.1212,50.458
-5.0303,2.1212,52.124
-4.9091,2.1212,54.013
-4.7879,2.1212,56.188
-4.6667,2.1212,58.721
-4.5455,2.1212,61.693
-4.4242,2.1212,65.191
-4.303,2.1212,69.295
-4.1818,2.1212,74.076
-4.0606,2.1212,79.58
-3.9394,2.1212,85.821
-3.8182,2.1212,92.763
-3.697,2.1212,100.318
-3.5758,2.1212,108.334
-3.4545,2.1212,116.6
-3.3333,2.1212,124.848
-3.2121,2.1212,132.772
-3.0909,2.1212,140.046
-2.9697,2.1212,146.348
-2.8485,2.1212,151.391
-2.7273,2.1212,154.949
-2.6061,2.1212,156.877
-2.4848,2.1212,157.131
-2.3636,2.1212,155.769
-2.2424,2.1212,152.95
-2.1212,2.1212,148.919
-2.0,2.1212,143.986
-1.8788,2.1212,138.496
-1.7576,2.1212,132.805
-1.6364,2.1212,127.248
-1.5152,2.1212,122.119
-1.3939,2.1212,117.65
-1.2727,2.1212,114.004
-1.1515,2.1212,111.271
-1.0303,2.1212,109.466
-0.9091,2.1212,108.542
-0.7879,2.1212,108.399
-0.6667,2.1212,108.895
-0.5455,2.1212,109.863
-0.4242,2.1212,111.125
-0.303,2.1212,112.505
-0.1818,2.1212,113.842
-0.0606,2.1212,114.997
0.0606,2.1212,115.865
0.1818,2.1212,116.376
0.303,2.1212,116.502
0.4242,2.1212,116.251
0.5455,2.1212,115.67
0.6667,2.1212,114.836
0.7879,2.1212,113.852
0.9091,2.1212,112.837
1.0303,2.1212,111.921
1.1515,2.1212,111.234
1.2727,2.1212,110.9
1.3939,2.1212,111.03
1.5152,2.1212,111.714
1.6364,2.1212,113.016
1.7576,2.1212,114.97
1.8788,2.1212,117.574
2.0,2.1212,120.79
2.1212,2.1212,124.543
2.2424,2.1212,128.722
2.3636,2.1212,133.18
2.4848,2.1212,137.746
2.6061,2.1212,142.227
2.7273,2.1212,146.416
2.8485,2.1212,150.11
2.9697,2.1212,153.112
3.0909,2.1212,155.248
3.2121,2.1212,156.375
3.3333,2.1212,156.39
3.4545,2.1212,155.234
3.5758,2.1212,152.9
3.697,2.1212,149.426
3.8182,2.1212,144.9
3.9394,2.1212,139.446
4.0606,2.1212,133.221
4.1818,2.1212,126.404
4.303,2.1212,119.184
4.4242,2.1212,111.75
4.5455,2.1212,104.283
4.6667,2.1212,96.945
4.7879,2.1212,89.875
4.9091,2.1212,83.185
5.0303,2.1212,76.957
5.1515,2.1212,71.243
5.2727,2.1212,66.07
5.3939,2.1212,61.441
5.5152,2.1212,57.337
5.6364,2.1212,53.727
5.7576,2.1212,50.566
5.8788,2.1212,47.808
6.0,2.1212,45.398
-6.0,2.2424,41.526
-5.8788,2.2424,42.544
-5.7576,2.2424,43.601
-5.6364,2.2424,44.706
-5.5152,2.2424,45.872
-5.3939,2.2424,47.117
-5.2727,2.2424,48.468
-5.1515,2.2424,49.958
-5.0303,2.2424,51.634
-4.9091,2.2424,53.553
-4.7879,2.2424,55.786
-4.6667,2.2424,58.416
-4.5455,2.2424,61.533
-4.4242,2.2424,65.234
-4.303,2.2424,69.611
-4.1818,2.2424,74.744
-4.0606,2.2424,80.687
-3.9394,2.2424,87.453
-3.8182,2.2424,95.006
-3.697,2.2424,103.248
-3.5758,2.2424,112.011
-3.4545,2.2424,121.059
-3.3333,2.2424,130.097
-3.2121,2.2424,138.783
-3.0909,2.2424,146.754
-2.9697,2.2424,153.654
-2.8485,2.2424,159.162
-2.7273,2.2424,163.025
-2.6061,2.2424,165.085
-2.4848,2.2424,165.288
-2.3636,2.2424,163.701
-2.2424,2.2424,160.497
-2.1212,2.2424,155.947
-2.0,2.2424,150.393
-1.8788,2.2424,144.217
-1.7576,2.2424,137.811
-1.6364,2.2424,131.545
-1.5152,2.2424,125.742
-1.3939,2.2424,120.66
-1.2727,2.2424,116.48
-1.1515,2.2424,113.301
-1.0303,2.2424,111.148
-0.9091,2.2424,109.971
-0.7879,2.2424,109.669
-0.6667,2.2424,110.095
-0.5455,2.2424,111.075
-0.4242,2.2424,112.422
-0.303,2.2424,113.949
-0.1818,2.2424,115.483
-0.0606,2.2424,116.873
0.0606,2.2424,117.997
0.1818,2.2424,118.771
0.303,2.2424,119.151
0.4242,2.2424,119.129
0.5455,2.2424,118.738
0.6667,2.2424,118.046
0.7879,2.2424,117.148
0.9091,2.2424,116.162
1.0303,2.2424,115.22
1.1515,2.2424,114.461
1.2727,2.2424,114.02
1.3939,2.2424,114.02
1.5152,2.2424,114.568
1.6364,2.2424,115.742
1.7576,2.2424,117.589
1.8788,2.2424,120.119
2.0,2.2424,123.3
2.1212,2.2424,127.062
2.2424,2.2424,131.291
2.3636,2.2424,135.839
2.4848,2.2424,140.527
2.6061,2.2424,145.15
2.7273,2.2424,149.494
2.8485,2.2424,153.341
2.9697,2.2424,156.483
3.0909,2.2424,158.734
3.2121,2.2424,159.943
3.3333,2.2424,159.999
3.4545,2.2424,158.838
3.5758,2.2424,156.45
3.697,2.2424,152.875
3.8182,2.2424,148.201
3.9394,2.2424,142.56
4.0606,2.2424,136.113
4.1818,2.2424,129.048
4.303,2.2424,121.562
4.4242,2.2424,113.853
4.5455,2.2424,106.109
4.6667,2.2424,98.5
4.7879,2.2424,91.173
4.9091,2.2424,84.242
5.0303,2.2424,77.796
5.1515,2.2424,71.888
5.2727,2.2424,66.547
5.3939,2.2424,61.774
5.5152,2.2424,57.552
5.6364,2.2424,53.847
5.7576,2.2424,50.614
5.8788,2.2424,47.801
6.0,2.2424,45.356
-6.0,2.3636,41.143
-5.8788,2.3636,42.141
-5.7576,2.3636,43.178
-5.6364,2.3636,44.264
-5.5152,2.3636,45.412
-5.3939,2.3636,46.642
-5.2727,2.3636,47.982
-5.1515,2.3636,49.471
-5.0303,2.3636,51.158
-4.9091,2.3636,53.106
-4.7879,2.3636,55.394
-4.6667,2.3636,58.111
-4.5455,2.3636,61.359
-4.4242,2.3636,65.242
-4.303,2.3636,69.863
-4.1818,2.3636,75.308
-4.0606,2.3636,81.636
-3.9394,2.3636,88.866
-3.8182,2.3636,96.957
-3.697,2.3636,105.802
-3.5758,2.3636,115.22
-3.4545,2.3636,124.954
-3.3333,2.3636,134.683
-3.2121,2.3636,144.036
-3.0909,2.3636,152.618
-2.9697,2.3636,160.039
-2.8485,2.3636,165.953
-2.7273,2.3636,170.084
-2.6061,2.3636,172.259
-2.4848,2.3636,172.422
-2.3636,2.3636,170.644
-2.2424,2.3636,167.114
-2.1212,2.3636,162.129
-2.0,2.3636,156.059
-1.8788,2.3636,149.32
-1.7576,2.3636,142.339
-1.6364,2.3636,135.519
-1.5152,2.3636,129.211
-1.3939,2.3636,123.695
-1.2727,2.3636,119.17
-1.1515,2.3636,115.744
-1.0303,2.3636,113.445
-0.9091,2.3636,112.223
-0.7879,2.3636,111.97
-0.6667,2.3636,112.529
-0.5455,2.3636,113.713
-0.4242,2.3636,115.32
-0.303,2.3636,117.148
-0.1818,2.3636,119.005
-0.0606,2.3636,120.722
0.0606,2.3636,122.16
0.1818,2.3636,123.216
0.303,2.3636,123.829
0.4242,2.3636,123.979
0.5455,2.3636,123.688
0.6667,2.3636,123.019
0.7879,2.3636,122.064
0.9091,2.3636,120.945
1.0303,2.3636,119.805
1.1515,2.3636,118.792
1.2727,2.3636,118.059
1.3939,2.3636,117.746
1.5152,2.3636,117.976
1.6364,2.3636,118.847
1.7576,2.3636,120.417
1.8788,2.3636,122.71
2.0,2.3636,125.701
2.1212,2.3636,129.324
2.2424,2.3636,133.465
2.3636,2.3636,137.974
2.4848,2.3636,142.663
2.6061,2.3636,147.321
2.7273,2.3636,151.722
2.8485,2.3636,155.637
2.9697,2.3636,158.849
3.0909,2.3636,161.162
3.2121,2.3636,162.415
3.3333,2.3636,162.489
3.4545,2.3636,161.318
3.5758,2.3636,158.887
3.697,2.3636,155.236
3.8182,2.3636,150.455
3.9394,2.3636,144.677
4.0606,2.3636,138.07
4.1818,2.3636,130.826
4.303,2.3636,123.147
4.4242,2.3636,115.24
4.5455,2.3636,107.296
4.6667,2.3636,99.493
4.7879,2.3636,91.981
4.9091,2.3636,84.879
5.0303,2.3636,78.276
5.1515,2.3636,72.231
5.2727,2.3636,66.77
5.3939,2.3636,61.897
5.5152,2.3636,57.593
5.6364,2.3636,53.823
5.7576,2.3636,50.541
5.8788,2.3636,47.694
6.0,2.3636,45.227
-6.0,2.4848,40.752
-5.8788,2.4848,41.732
-5.7576,2.4848,42.75
-5.6364,2.4848,43.818
-5.5152,2.4848,44.949
-5.3939,2.4848,46.164
-5.2727,2.4848,47.494
-5.1515,2.4848,48.98
-5.0303,2.4848,50.674
-4.9091,2.4848,52.646
-4.7879,2.4848,54.977
-4.6667,2.4848,57.764
-4.5455,2.4848,61.117
-4.4242,2.4848,65.147
-4.303,2.4848,69.963
-4.1818,2.4848,75.66
-4.0606,2.4848,82.301
-3.9394,2.4848,89.904
-3.8182,2.4848,98.429
-3.697,2.4848,107.761
-3.5758,2.4848,117.707
-3.4545,2.4848,127.995
-3.3333,2.4848,138.282
-3.2121,2.4848,148.173
-3.0909,2.4848,157.247
-2.9697,2.4848,165.09
-2.8485,2.4848,171.332
-2.7273,2.4848,175.682
-2.6061,2.4848,177.955
-2.4848,2.4848,178.093
-2.3636,2.4848,176.172
-2.2424,2.4848,172.398
-2.1212,2.4848,167.086
-2.0,2.4848,160.635
-1.8788,2.4848,153.491
-1.7576,2.4848,146.109
-1.6364,2.4848,138.92
-1.5152,2.4848,132.303
-1.3939,2.4848,126.556
-1.2727,2.4848,121.892
-1.1515,2.4848,118.429
-1.0303,2.4848,116.195
-0.9091,2.4848,115.136
-0.7879,2.4848,115.135
-0.6667,2.4848,116.023
-0.5455,2.4848,117.596
-0.4242,2.4848,119.632
-0.303,2.4848,121.909
-0.1818,2.4848,124.212
-0.0606,2.4848,126.35
0.0606,2.4848,128.162
0.1818,2.4848,129.527
0.303,2.4848,130.366
0.4242,2.4848,130.647
0.5455,2.4848,130.384
0.6667,2.4848,129.637
0.7879,2.4848,128.501
0.9091,2.4848,127.107
1.0303,2.4848,125.61
1.1515,2.4848,124.176
1.2727,2.4848,122.976
1.3939,2.4848,122.173
1.5152,2.4848,121.91
1.6364,2.4848,122.301
1.7576,2.4848,123.423
1.8788,2.4848,125.312
2.0,2.4848,127.952
2.1212,2.4848,131.281
2.2424,2.4848,135.187
2.3636,2.4848,139.517
2.4848,2.4848,144.079
2.6061,2.4848,148.653
2.7273,2.4848,153.006
2.8485,2.4848,156.899
2.9697,2.4848,160.105
3.0909,2.4848,162.419
3.2121,2.4848,163.673
3.3333,2.4848,163.743
3.4545,2.4848,162.555
3.5758,2.4848,160.093
3.697,2.4848,156.395
3.8182,2.4848,151.55
3.9394,2.4848,145.693
4.0606,2.4848,138.994
4.1818,2.4848,131.647
4.303,2.4848,123.859
4.4242,2.4848,115.838
4.5455,2.4848,107.782
4.6667,2.4848,99.869
4.7879,2.4848,92.251
4.9091,2.4848,85.053
5.0303,2.4848,78.364
5.1515,2.4848,72.242
5.2727,2.4848,66.717
5.3939,2.4848,61.791
5.5152,2.4848,57.445
5.6364,2.4848,53.644
5.7576,2.4848,50.341
5.8788,2.4848,47.482
6.0,2.4848,45.01
-6.0,2.6061,40.352
-5.8788,2.6061,41.314
-5.7576,2.6061,42.314
-5.6364,2.6061,43.364
-5.5152,2.6061,44.477
-5.3939,2.6061,45.677
-5.2727,2.6061,46.995
-5.1515,2.6061,48.474
-5.0303,2.6061,50.168
-4.9091,2.6061,52.151
-4.7879,2.6061,54.508
-4.6667,2.6061,57.341
-4.5455,2.6061,60.763
-4.4242,2.6061,64.892
-4.303,2.6061,69.843
-4.1818,2.6061,75.714
-4.0606,2.6061,82.572
-3.9394,2.6061,90.437
-3.8182,2.6061,99.266
-3.697,2.6061,108.94
-3.5758,2.6061,119.259
-3.4545,2.6061,129.937
-3.3333,2.6061,140.618
-3.2121,2.6061,150.889
-3.0909,2.6061,160.311
-2.9697,2.6061,168.453
-2.8485,2.6061,174.931
-2.7273,2.6061,179.441
-2.6061,2.6061,181.791
-2.4848,2.6061,181.924
-2.3636,2.6061,179.921
-2.2424,2.6061,176.0
-2.1212,2.6061,170.495
-2.0,2.6061,163.824
-1.8788,2.6061,156.458
-1.7576,2.6061,148.876
-1.6364,2.6061,141.532
-1.5152,2.6061,134.825
-1.3939,2.6061,129.069
-1.2727,2.6061,124.489
-1.1515,2.6061,121.207
-1.0303,2.6061,119.251
-0.9091,2.6061,118.564
-0.7879,2.6061,119.016
-0.6667,2.6061,120.422
-0.5455,2.6061,122.561
-0.4242,2.6061,125.187
-0.303,2.6061,128.054
-0.1818,2.6061,130.921
-0.0606,2.6061,133.572
0.0606,2.6061,135.822
0.1818,2.6061,137.528
0.303,2.6061,138.596
0.4242,2.6061,138.979
0.5455,2.6061,138.687
0.6667,2.6061,137.777
0.7879,2.6061,136.353
0.9091,2.6061,134.558
1.0303,2.6061,132.561
1.1515,2.6061,130.551
1.2727,2.6061,128.723
1.3939,2.6061,127.261
1.5152,2.6061,126.332
1.6364,2.6061,126.072
1.7576,2.6061,126.577
1.8788,2.6061,127.894
2.0,2.6061,130.02
2.1212,2.6061,132.897
2.2424,2.6061,136.418
2.3636,2.6061,140.426
2.4848,2.6061,144.726
2.6061,2.6061,149.094
2.7273,2.6061,153.288
2.8485,2.6061,157.063
2.9697,2.6061,160.182
3.0909,2.6061,162.436
3.2121,2.6061,163.647
3.3333,2.6061,163.686
3.4545,2.6061,162.476
3.5758,2.6061,159.996
3.697,2.6061,156.282
3.8182,2.6061,151.42
3.9394,2.6061,145.545
4.0606,2.6061,138.826
4.1818,2.6061,131.458
4.303,2.6061,123.648
4.4242,2.6061,115.604
4.5455,2.6061,107.525
4.6667,2.6061,99.591
4.7879,2.6061,91.955
4.9091,2.6061,84.741
5.0303,2.6061,78.038
5.1515,2.6061,71.907
5.2727,2.6061,66.376
5.3939,2.6061,61.448
5.5152,2.6061,57.103
5.6364,2.6061,53.307
5.7576,2.6061,50.012
5.8788,2.6061,47.164
6.0,2.6061,44.706
-6.0,2.7273,39.942
-5.8788,2.7273,40.886
-5.7576,2.7273,41.868
-5.6364,2.7273,42.899
-5.5152,2.7273,43.995
-5.3939,2.7273,45.177
-5.2727,2.7273,46.479
-5.1515,2.7273,47.944
-5.0303,2.7273,49.629
-4.9091,2.7273,51.607
-4.7879,2.7273,53.968
-4.6667,2.7273,56.815
-4.5455,2.7273,60.265
-4.4242,2.7273,64.438
-4.303,2.7273,69.451
-4.1818,2.7273,75.407
-4.0606,2.7273,82.373
-3.9394,2.7273,90.37
-3.8182,2.7273,99.354
-3.697,2.7273,109.205
-3.5758,2.7273,119.717
-3.4545,2.7273,130.599
-3.3333,2.7273,141.486
-3.2121,2.7273,151.958
-3.0909,2.7273,161.566
-2.9697,2.7273,169.87
-2.8485,2.7273,176.478
-2.7273,2.7273,181.081
-2.6061,2.7273,183.486
-2.4848,2.7273,183.636
-2.3636,2.7273,181.62
-2.2424,2.7273,177.663
-2.1212,2.7273,172.113
-2.0,2.7273,165.402
-1.8788,2.7273,158.017
-1.7576,2.7273,150.456
-1.6364,2.7273,143.188
-1.5152,2.7273,136.625
-1.3939,2.7273,131.094
-1.2727,2.7273,126.827
-1.1515,2.7273,123.949
-1.0303,2.7273,122.487
-0.9091,2.7273,122.375
-0.7879,2.7273,123.473
-0.6667,2.7273,125.579
-0.5455,2.7273,128.45
-0.4242,2.7273,131.817
-0.303,2.7273,135.405
-0.1818,2.7273,138.948
-0.0606,2.7273,142.2
0.0606,2.7273,144.951
0.1818,2.7273,147.035
0.303,2.7273,148.338
0.4242,2.7273,148.805
0.5455,2.7273,148.437
0.6667,2.7273,147.295
0.7879,2.7273,145.491
0.9091,2.7273,143.182
1.0303,2.7273,140.559
1.1515,2.7273,137.833
1.2727,2.7273,135.226
1.3939,2.7273,132.949
1.5152,2.7273,131.194
1.6364,2.7273,130.121
1.7576,2.7273,129.844
1.8788,2.7273,130.428
2.0,2.7273,131.88
2.1212,2.7273,134.151
2.2424,2.7273,137.136
2.3636,2.7273,140.68
2.4848,2.7273,144.586
2.6061,2.7273,148.624
2.7273,2.7273,152.548
2.8485,2.7273,156.107
2.9697,2.7273,159.06
3.0909,2.7273,161.189
3.2121,2.7273,162.313
3.3333,2.7273,162.297
3.4545,2.7273,161.059
3.5758,2.7273,158.575
3.697,2.7273,154.875
3.8182,2.7273,150.044
3.9394,2.7273,144.213
4.0606,2.7273,137.548
4.1818,2.7273,130.241
4.303,2.7273,122.498
4.4242,2.7273,114.524
4.5455,2.7273,106.516
4.6667,2.7273,98.652
4.7879,2.7273,91.084
4.9091,2.7273,83.935
5.0303,2.7273,77.295
5.1515,2.7273,71.221
5.2727,2.7273,65.744
5.3939,2.7273,60.865
5.5152,2.7273,56.566
5.6364,2.7273,52.811
5.7576,2.7273,49.555
5.8788,2.7273,46.742
6.0,2.7273,44.318
-6.0,2.8485,39.524
-5.8788,2.8485,40.449
-5.7576,2.8485,41.412
-5.6364,2.8485,42.424
-5.5152,2.8485,43.499
-5.3939,2.8485,44.661
-5.2727,2.8485,45.941
-5.1515,2.8485,47.385
-5.0303,2.8485,49.048
-4.9091,2.8485,51.006
-4.7879,2.8485,53.345
-4.6667,2.8485,56.172
-4.5455,2.8485,59.603
-4.4242,2.8485,63.758
-4.303,2.8485,68.757
-4.1818,2.8485,74.7
-4.0606,2.8485,81.656
-3.9394,2.8485,89.646
-3.8182,2.8485,98.626
-3.697,2.8485,108.477
-3.5758,2.8485,118.991
-3.4545,2.8485,129.878
-3.3333,2.8485,140.773
-3.2121,2.8485,151.254
-3.0909,2.8485,160.874
-2.9697,2.8485,169.193
-2.8485,2.8485,175.819
-2.7273,2.8485,180.445
-2.6061,2.8485,182.881
-2.4848,2.8485,183.074
-2.3636,2.8485,181.117
-2.2424,2.8485,177.241
-2.1212,2.8485,171.801
-2.0,2.8485,165.239
-1.8788,2.8485,158.048
-1.7576,2.8485,150.735
-1.6364,2.8485,143.78
-1.5152,2.8485,137.601
-1.3939,2.8485,132.531
-1.2727,2.8485,128.806
-1.1515,2.8485,126.55
-1.0303,2.8485,125.788
-0.9091,2.8485,126.446
-0.7879,2.8485,128.371
-0.6667,2.8485,131.343
-0.5455,2.8485,135.099
-0.4242,2.8485,139.344
-0.303,2.8485,143.774
-0.1818,2.8485,148.093
-0.0606,2.8485,152.027
0.0606,2.8485,155.337
0.1818,2.8485,157.833
0.303,2.8485,159.384
0.4242,2.8485,159.922
0.5455,2.8485,159.443
0.6667,2.8485,158.011
0.7879,2.8485,155.749
0.9091,2.8485,152.83
1.0303,2.8485,149.47
1.1515,2.8485,145.906
1.2727,2.8485,142.386
1.3939,2.8485,139.153
1.5152,2.8485,136.426
1.6364,2.8485,134.39
1.7576,2.8485,133.181
1.8788,2.8485,132.881
2.0,2.8485,133.511
2.1212,2.8485,135.029
2.2424,2.8485,137.337
2.3636,2.8485,140.282
2.4848,2.8485,143.665
2.6061,2.8485,147.255
2.7273,2.8485,150.804
2.8485,2.8485,154.055
2.9697,2.8485,156.763
3.0909,2.8485,158.707
3.2121,2.8485,159.701
3.3333,2.8485,159.605
3.4545,2.8485,158.334
3.5758,2.8485,155.858
3.697,2.8485,152.204
3.8182,2.8485,147.45
3.9394,2.8485,141.724
4.0606,2.8485,135.185
4.1818,2.8485,128.021
4.303,2.8485,120.431
4.4242,2.8485,112.617
4.5455,2.8485,104.77
4.6667,2.8485,97.066
4.7879,2.8485,89.652
4.9091,2.8485,82.648
5.0303,2.8485,76.143
5.1515,2.8485,70.194
5.2727,2.8485,64.829
5.3939,2.8485,60.05
5.5152,2.8485,55.839
5.6364,2.8485,52.162
5.7576,2.8485,48.974
5.8788,2.8485,46.221
6.0,2.8485,43.848
-6.0,2.9697,39.096
-5.8788,2.9697,40.002
-5.7576,2.9697,40.945
-5.6364,2.9697,41.936
-5.5152,2.9697,42.989
-5.3939,2.9697,44.126
-5.2727,2.9697,45.381
-5.1515,2.9697,46.794
-5.0303,2.9697,48.424
-4.9091,2.9697,50.342
-4.7879,2.9697,52.635
-4.6667,2.9697,55.407
-4.5455,2.9697,58.771
-4.4242,2.9697,62.848
-4.303,2.9697,67.752
-4.1818,2.9697,73.584
-4.0606,2.9697,80.411
-3.9394,2.9697,88.254
-3.8182,2.9697,97.07
-3.697,2.9697,106.742
-3.5758,2.9697,117.066
-3.4545,2.9697,127.759
-3.3333,2.9697,138.462
-3.2121,2.9697,148.761
-3.0909,2.9697,158.218
-2.9697,2.9697,166.404
-2.8485,2.9697,172.936
-2.7273,2.9697,177.515
-2.6061,2.9697,179.959
-2.4848,2.9697,180.219
-2.3636,2.9697,178.392
-2.2424,2.9697,174.714
-2.1212,2.9697,169.539
-2.0,2.9697,163.31
-1.8788,2.9697,156.523
-1.7576,2.9697,149.683
-1.6364,2.9697,143.271
-1.5152,2.9697,137.706
-1.3939,2.9697,133.323
-1.2727,2.9697,130.354
-1.1515,2.9697,128.925
-1.0303,2.9697,129.053
-0.9091,2.9697,130.656
-0.7879,2.9697,133.57
-0.6667,2.9697,137.556
-0.5455,2.9697,142.329
-0.4242,2.9697,147.569
-0.303,2.9697,152.943
-0.1818,2.9697,158.125
-0.0606,2.9697,162.809
0.0606,2.9697,166.728
0.1818,2.9697,169.668
0.303,2.9697,171.478
0.4242,2.9697,172.078
0.5455,2.9697,171.461
0.6667,2.9697,169.693
0.7879,2.9697,166.91
0.9091,2.9697,163.305
1.0303,2.9697,159.115
1.1515,2.9697,154.609
1.2727,2.9697,150.066
1.3939,2.9697,145.757
1.5152,2.9697,141.934
1.6364,2.9697,138.806
1.7576,2.9697,136.533
1.8788,2.9697,135.216
2.0,2.9697,134.891
2.1212,2.9697,135.527
2.2424,2.9697,137.031
2.3636,2.9697,139.254
2.4848,2.9697,141.998
2.6061,2.9697,145.034
2.7273,2.9697,148.109
2.8485,2.9697,150.967
2.9697,2.9697,153.36
3.0909,2.9697,155.062
3.2121,2.9697,155.887
3.3333,2.9697,155.689
3.4545,2.9697,154.381
3.5758,2.9697,151.926
3.697,2.9697,148.346
3.8182,2.9697,143.714
3.9394,2.9697,138.149
4.0606,2.9697,131.805
4.1818,2.9697,124.859
4.303,2.9697,117.505
4.4242,2.9697,109.935
4.5455,2.9697,102.335
4.6667,2.9697,94.874
4.7879,2.9697,87.694
4.9091,2.9697,80.911
5.0303,2.9697,74.61
5.1515,2.9697,68.847
5.2727,2.9697,63.649
5.3939,2.9697,59.017
5.5152,2.9697,54.936
5.6364,2.9697,51.371
5.7576,2.9697,48.278
5.8788,2.9697,45.607
6.0,2.9697,43.304
-6.0,3.0909,38.659
-5.8788,3.0909,39.546
-5.7576,3.0909,40.468
-5.6364,3.0909,41.436
-5.5152,3.0909,42.465
-5.3939,3.0909,43.575
-5.2727,3.0909,44.797
-5.1515,3.0909,46.173
-5.0303,3.0909,47.756
-4.9091,3.0909,49.617
-4.7879,3.0909,51.839
-4.6667,3.0909,54.522
-4.5455,3.0909,57.775
-4.4242,3.0909,61.713
-4.303,3.0909,66.449
-4.1818,3.0909,72.076
-4.0606,3.0909,78.662
-3.9394,3.0909,86.226
-3.8182,3.0909,94.726
-3.697,3.0909,104.05
-3.5758,3.0909,114.004
-3.4545,3.0909,124.313
-3.3333,3.0909,134.634
-3.2121,3.0909,144.57
-3.0909,3.0909,153.701
-2.9697,3.0909,161.615
-2.8485,3.0909,167.947
-2.7273,3.0909,172.412
-2.6061,3.0909,174.84
-2.4848,3.0909,175.189
-2.3636,3.0909,173.56
-2.2424,3.0909,170.187
-2.1212,3.0909,165.421
-2.0,3.0909,159.699
-1.8788,3.0909,153.507
-1.7576,3.0909,147.346
-1.6364,3.0909,141.688
-1.5152,3.0909,136.946
-1.3939,3.0909,133.452
-1.2727,3.0909,131.432
-1.1515,3.0909,131.007
-1.0303,3.0909,132.188
-0.9091,3.0909,134.886
-0.7879,3.0909,138.921
-0.6667,3.0909,144.041
-0.5455,3.0909,149.937
-0.4242,3.0909,156.265
-0.303,3.0909,162.662
-0.1818,3.0909,168.772
-0.0606,3.0909,174.258
0.0606,3.0909,178.825
0.1818,3.0909,182.232
0.303,3.0909,184.311
0.4242,3.0909,184.967
0.5455,3.0909,184.191
0.6667,3.0909,182.054
0.7879,3.0909,178.704
0.9091,3.0909,174.353
1.0303,3.0909,169.266
1.1515,3.0909,163.74
1.2727,3.0909,158.087
1.3939,3.0909,152.61
1.5152,3.0909,147.592
1.6364,3.0909,143.269
1.7576,3.0909,139.828
1.8788,3.0909,137.388
2.0,3.0909,135.999
2.1212,3.0909,135.645
2.2424,3.0909,136.238
2.3636,3.0909,137.636
2.4848,3.0909,139.643
2.6061,3.0909,142.032
2.7273,3.0909,144.551
2.8485,3.0909,146.942
2.9697,3.0909,148.957
3.0909,3.0909,150.37
3.2121,3.0909,150.99
3.3333,3.0909,150.673
3.4545,3.0909,149.323
3.5758,3.0909,146.901
3.697,3.0909,143.422
3.8182,3.0909,138.952
3.9394,3.0909,133.6
4.0606,3.0909,127.511
4.1818,3.0909,120.852
4.303,3.0909,113.806
4.4242,3.0909,106.558
4.5455,3.0909,99.281
4.6667,3.0909,92.138
4.7879,3.0909,85.264
4.9091,3.0909,78.769
5.0303,3.0909,72.734
5.1515,3.0909,67.213
5.2727,3.0909,62.231
5.3939,3.0909,57.79
5.5152,3.0909,53.874
5.6364,3.0909,50.451
5.7576,3.0909,47.48
5.8788,3.0909,44.911
6.0,3.0909,42.695
-6.0,3.2121,38.214
-5.8788,3.2121,39.081
-5.7576,3.2121,39.982
-5.6364,3.2121,40.926
-5.5152,3.2121,41.927
-5.3939,3.2121,43.006
-5.2727,3.2121,44.192
-5.1515,3.2121,45.522
-5.0303,3.2121,47.049
-4.9091,3.2121,48.837
-4.7879,3.2121,50.966
-4.6667,3.2121,53.53
-4.5455,3.2121,56.631
-4.4242,3.2121,60.379
-4.303,3.2121,64.879
-4.1818,3.2121,70.219
-4.0606,3.2121,76.464
-3.9394,3.2121,83.631
-3.8182,3.2121,91.681
-3.697,3.2121,100.509
-3.5758,3.2121,109.931
-3.4545,3.2121,119.689
-3.3333,3.2121,129.462
-3.2121,3.2121,138.874
-3.0909,3.2121,147.533
-2.9697,3.2121,155.052
-2.8485,3.2121,161.089
-2.7273,3.2121,165.381
-2.6061,3.2121,167.772
-2.4848,3.2121,168.229
-2.3636,3.2121,166.855
-2.2424,3.2121,163.881
-2.1212,3.2121,159.648
-2.0,3.2121,154.58
-1.8788,3.2121,149.15
-1.7576,3.2121,143.843
-1.6364,3.2121,139.117
-1.5152,3.2121,135.375
-1.3939,3.2121,132.936
-1.2727,3.2121,132.02
-1.1515,3.2121,132.742
-1.0303,3.2121,135.104
-0.9091,3.2121,139.008
-0.7879,3.2121,144.264
-0.6667,3.2121,150.601
-0.5455,3.2121,157.693
-0.4242,3.2121,165.169
-0.303,3.2121,172.641
-0.1818,3.2121,179.719
-0.0606,3.2121,186.039
0.0606,3.2121,191.275
0.1818,3.2121,195.163
0.303,3.2121,197.514
0.4242,3.2121,198.223
0.5455,3.2121,197.276
0.6667,3.2121,194.748
0.7879,3.2121,190.802
0.9091,3.2121,185.67
1.0303,3.2121,179.642
1.1515,3.2121,173.048
1.2727,3.2121,166.229
1.3939,3.2121,159.525
1.5152,3.2121,153.246
1.6364,3.2121,147.66
1.7576,3.2121,142.977
1.8788,3.2121,139.337
2.0,3.2121,136.808
2.1212,3.2121,135.383
2.2424,3.2121,134.986
2.3636,3.2121,135.48
2.4848,3.2121,136.674
2.6061,3.2121,138.344
2.7273,3.2121,140.24
2.8485,3.2121,142.106
2.9697,3.2121,143.693
3.0909,3.2121,144.778
3.2121,3.2121,145.168
3.3333,3.2121,144.715
3.4545,3.2121,143.322
3.5758,3.2121,140.945
3.697,3.2121,137.59
3.8182,3.2121,133.316
3.9394,3.2121,128.221
4.0606,3.2121,122.438
4.1818,3.2121,116.125
4.303,3.2121,109.451
4.4242,3.2121,102.587
4.5455,3.2121,95.7
4.6667,3.2121,88.939
4.7879,3.2121,82.432
4.9091,3.2121,76.282
5.0303,3.2121,70.567
5.1515,3.2121,65.335
5.2727,3.2121,60.611
5.3939,3.2121,56.397
5.5152,3.2121,52.677
5.6364,3.2121,49.423
5.7576,3.2121,46.594
5.8788,3.2121,44.145
6.0,3.2121,42.028
-6.0,3.3333,37.762
-5.8788,3.3333,38.608
-5.7576,3.3333,39.487
-5.6364,3.3333,40.406
-5.5152,3.3333,41.379
-5.3939,3.3333,42.424
-5.2727,3.3333,43.568
-5.1515,3.3333,44.846
-5.0303,3.3333,46.307
-4.9091,3.3333,48.01
-4.7879,3.3333,50.028
-4.6667,3.3333,52.448
-4.5455,3.3333,55.365
-4.4242,3.3333,58.879
-4.303,3.3333,63.088
-4.1818,3.3333,68.075
-4.0606,3.3333,73.896
-3.9394,3.3333,80.57
-3.8182,3.3333,88.061
-3.697,3.3333,96.27
-3.5758,3.3333,105.029
-3.4545,3.3333,114.101
-3.3333,3.3333,123.187
-3.2121,3.3333,131.945
-3.0909,3.3333,140.013
-2.9697,3.3333,147.035
-2.8485,3.3333,152.7
-2.7273,3.3333,156.77
-2.6061,3.3333,159.105
-2.4848,3.3333,159.684
-2.3636,3.3333,158.61
-2.2424,3.3333,156.108
-2.1212,3.3333,152.505
-2.0,3.3333,148.209
-1.8788,3.3333,143.67
-1.7576,3.3333,139.352
-1.6364,3.3333,135.694
-1.5152,3.3333,133.082
-1.3939,3.3333,131.821
-1.2727,3.3333,132.12
-1.1515,3.3333,134.085
-1.0303,3.3333,137.71
-0.9091,3.3333,142.89
-0.7879,3.3333,149.421
-0.6667,3.3333,157.02
-0.5455,3.3333,165.34
-0.4242,3.3333,173.989
-0.303,3.3333,182.551
-0.1818,3.3333,190.61
-0.0606,3.3333,197.769
0.0606,3.3333,203.678
0.1818,3.3333,208.047
0.303,3.3333,210.668
0.4242,3.3333,211.425
0.5455,3.3333,210.3
0.6667,3.3333,207.375
0.7879,3.3333,202.823
0.9091,3.3333,196.898
1.0303,3.3333,189.917
1.1515,3.3333,182.237
1.2727,3.3333,174.235
1.3939,3.3333,166.279
1.5152,3.3333,158.714
1.6364,3.3333,151.835
1.7576,3.3333,145.875
1.8788,3.3333,140.996
2.0,3.3333,137.282
2.1212,3.3333,134.741
2.2424,3.3333,133.306
2.3636,3.3333,132.845
2.4848,3.3333,133.177
2.6061,3.3333,134.079
2.7273,3.3333,135.307
2.8485,3.3333,136.606
2.9697,3.3333,137.732
3.0909,3.3333,138.461
3.2121,3.3333,138.601
3.3333,3.3333,138.003
3.4545,3.3333,136.567
3.5758,3.3333,134.243
3.697,3.3333,131.032
3.8182,3.3333,126.981
3.9394,3.3333,122.179
4.0606,3.3333,116.745
4.1818,3.3333,110.824
4.303,3.3333,104.571
4.4242,3.3333,98.144
4.5455,3.3333,91.698
4.6667,3.3333,85.369
4.7879,3.3333,79.278
4.9091,3.3333,73.52
5.0303,3.3333,68.165
5.1515,3.3333,63.26
5.2727,3.3333,58.828
5.3939,3.3333,54.87
5.5152,3.3333,51.372
5.6364,3.3333,48.307
5.7576,3.3333,45.637
5.8788,3.3333,43.322
6.0,3.3333,41.316
-6.0,3.4545,37.304
-5.8788,3.4545,38.129
-5.7576,3.4545,38.984
-5.6364,3.4545,39.877
-5.5152,3.4545,40.82
-5.3939,3.4545,41.829
-5.2727,3.4545,42.929
-5.1515,3.4545,44.151
-5.0303,3.4545,45.539
-4.9091,3.4545,47.146
-4.7879,3.4545,49.04
-4.6667,3.4545,51.298
-4.5455,3.4545,54.007
-4.4242,3.4545,57.256
-4.303,3.4545,61.135
-4.1818,3.4545,65.717
-4.0606,3.4545,71.056
-3.9394,3.4545,77.166
-3.8182,3.4545,84.016
-3.697,3.4545,91.517
-3.5758,3.4545,99.517
-3.4545,3.4545,107.801
-3.3333,3.4545,116.101
-3.2121,3.4545,124.109
-3.0909,3.4545,131.497
-2.9697,3.4545,137.948
-2.8485,3.4545,143.184
-2.7273,3.4545,146.994
-2.6061,3.4545,149.258
-2.4848,3.4545,149.966
-2.3636,3.4545,149.223
-2.2424,3.4545,147.243
-2.1212,3.4545,144.337
-2.0,3.4545,140.889
-1.8788,3.4545,137.327
-1.7576,3.4545,134.087
-1.6364,3.4545,131.584
-1.5152,3.4545,130.181
-1.3939,3.4545,130.168
-1.2727,3.4545,131.741
-1.1515,3.4545,134.995
-1.0303,3.4545,139.916
-0.9091,3.4545,146.39
-0.7879,3.4545,154.204
-0.6667,3.4545,163.062
-0.5455,3.4545,172.6
-0.4242,3.4545,182.405
-0.303,3.4545,192.038
-0.1818,3.4545,201.054
-0.0606,3.4545,209.033
0.0606,3.4545,215.595
0.1818,3.4545,220.429
0.303,3.4545,223.31
0.4242,3.4545,224.111
0.5455,3.4545,222.81
0.6667,3.4545,219.493
0.7879,3.4545,214.347
0.9091,3.4545,207.645
1.0303,3.4545,199.728
1.1515,3.4545,190.983
1.2727,3.4545,181.816
1.3939,3.4545,172.628
1.5152,3.4545,163.792
1.6364,3.4545,155.63
1.7576,3.4545,148.4
1.8788,3.4545,142.284
2.0,3.4545,137.383
2.1212,3.4545,133.716
2.2424,3.4545,131.227
2.3636,3.4545,129.795
2.4848,3.4545,129.243
2.6061,3.4545,129.355
2.7273,3.4545,129.891
2.8485,3.4545,130.602
2.9697,3.4545,131.247
3.0909,3.4545,131.605
3.2121,3.4545,131.485
3.3333,3.4545,130.738
3.4545,3.4545,129.261
3.5758,3.4545,126.999
3.697,3.4545,123.946
3.8182,3.4545,120.14
3.9394,3.4545,115.655
4.0606,3.4545,110.601
4.1818,3.4545,105.105
4.303,3.4545,99.31
4.4242,3.4545,93.358
4.5455,3.4545,87.39
4.6667,3.4545,81.532
4.7879,3.4545,75.891
4.9091,3.4545,70.557
5.0303,3.4545,65.594
5.1515,3.4545,61.044
5.2727,3.4545,56.927
5.3939,3.4545,53.246
5.5152,3.4545,49.987
5.6364,3.4545,47.126
5.7576,3.4545,44.629
5.8788,3.4545,42.457
6.0,3.4545,40.57
-6.0,3.5758,36.841
-5.8788,3.5758,37.644
-5.7576,3.5758,38.475
-5.6364,3.5758,39.342
-5.5152,3.5758,40.254
-5.3939,3.5758,41.226
-5.2727,3.5758,42.279
-5.1515,3.5758,43.442
-5.0303,3.5758,44.753
-4.9091,3.5758,46.259
-4.7879,3.5758,48.02
-4.6667,3.5758,50.105
-4.5455,3.5758,52.59
-4.4242,3.5758,55.555
-4.303,3.5758,59.079
-4.1818,3.5758,63.227
-4.0606,3.5758,68.046
-3.9394,3.5758,73.549
-3.8182,3.5758,79.71
-3.697,3.5758,86.448
-3.5758,3.5758,93.629
-3.4545,3.5758,101.065
-3.3333,3.5758,108.518
-3.2121,3.5758,115.715
-3.0909,3.5758,122.37
-2.9697,3.5758,128.204
-2.8485,3.5758,132.974
-2.7273,3.5758,136.499
-2.6061,3.5758,138.681
-2.4848,3.5758,139.521
-2.3636,3.5758,139.121
-2.2424,3.5758,137.687
-2.1212,3.5758,135.511
-2.0,3.5758,132.951
-1.8788,3.5758,130.405
-1.7576,3.5758,128.28
-1.6364,3.5758,126.964
-1.5152,3.5758,126.797
-1.3939,3.5758,128.048
-1.2727,3.5758,130.899
-1.1515,3.5758,135.432
-1.0303,3.5758,141.629
-0.9091,3.5758,149.365
-0.7879,3.5758,158.419
-0.6667,3.5758,168.484
-0.5455,3.5758,179.183
-0.4242,3.5758,190.085
-0.303,3.5758,200.729
-0.1818,3.5758,210.647
-0.0606,3.5758,219.394
0.0606,3.5758,226.568
0.1818,3.5758,231.836
0.303,3.5758,234.958
0.4242,3.5758,235.796
0.5455,3.5758,234.327
0.6667,3.5758,230.639
0.7879,3.5758,224.932
0.9091,3.5758,217.496
1.0303,3.5758,208.694
1.1515,3.5758,198.941
1.2727,3.5758,188.669
1.3939,3.5758,178.31
1.5152,3.5758,168.262
1.6364,3.5758,158.874
1.7576,3.5758,150.425
1.8788,3.5758,143.116
2.0,3.5758,137.063
2.1212,3.5758,132.299
2.2424,3.5758,128.779
2.3636,3.5758,126.39
2.4848,3.5758,124.963
2.6061,3.5758,124.289
2.7273,3.5758,124.134
2.8485,3.5758,124.255
2.9697,3.5758,124.417
3.0909,3.5758,124.401
3.2121,3.5758,124.02
3.3333,3.5758,123.126
3.4545,3.5758,121.612
3.5758,3.5758,119.42
3.697,3.5758,116.535
3.8182,3.5758,112.986
3.9394,3.5758,108.837
4.0606,3.5758,104.181
4.1818,3.5758,99.132
4.303,3.5758,93.816
4.4242,3.5758,88.362
4.5455,3.5758,82.895
4.6667,3.5758,77.528
4.7879,3.5758,72.361
4.9091,3.5758,67.471
5.0303,3.5758,62.917
5.1515,3.5758,58.738
5.2727,3.5758,54.952
5.3939,3.5758,51.56
5.5152,3.5758,48.552
5.6364,3.5758,45.904
5.7576,3.5758,43.586
5.8788,3.5758,41.564
6.0,3.5758,39.8
-6.0,3.697,36.373
-5.8788,3.697,37.154
-5.7576,3.697,37.962
-5.6364,3.697,38.801
-5.5152,3.697,39.682
-5.3939,3.697,40.616
-5.2727,3.697,41.622
-5.1515,3.697,42.724
-5.0303,3.697,43.957
-4.9091,3.697,45.36
-4.7879,3.697,46.986
-4.6667,3.697,48.893
-4.5455,3.697,51.149
-4.4242,3.697,53.822
-4.303,3.697,56.981
-4.1818,3.697,60.684
-4.0606,3.697,64.97
-3.9394,3.697,69.851
-3.8182,3.697,75.303
-3.697,3.697,81.258
-3.5758,3.697,87.599
-3.4545,3.697,94.163
-3.3333,3.697,100.745
-3.2121,3.697,107.11
-3.0909,3.697,113.01
-2.9697,3.697,118.208
-2.8485,3.697,122.497
-2.7273,3.697,125.726
-2.6061,3.697,127.818
-2.4848,3.697,128.784
-2.3636,3.697,128.726
-2.2424,3.697,127.838
-2.1212,3.697,126.39
-2.0,3.697,124.715
-1.8788,3.697,123.18
-1.7576,3.697,122.16
-1.6364,3.697,122.012
-1.5152,3.697,123.052
-1.3939,3.697,125.528
-1.2727,3.697,129.605
-1.1515,3.697,135.358
-1.0303,3.697,142.755
-0.9091,3.697,151.669
-0.7879,3.697,161.871
-0.6667,3.697,173.045
-0.5455,3.697,184.803
-0.4242,3.697,196.699
-0.303,3.697,208.256
-0.1818,3.697,218.985
-0.0606,3.697,228.421
0.0606,3.697,236.141
0.1818,3.697,241.796
0.303,3.697,245.131
0.4242,3.697,246.0
0.5455,3.697,244.375
0.6667,3.697,240.352
0.7879,3.697,234.136
0.9091,3.697,226.036
1.0303,3.697,216.434
1.1515,3.697,205.766
1.2727,3.697,194.491
1.3939,3.697,183.064
1.5152,3.697,171.907
1.6364,3.697,161.392
1.7576,3.697,151.818
1.8788,3.697,143.401
2.0,3.697,136.274
2.1212,3.697,130.48
2.2424,3.697,125.986
2.3636,3.697,122.687
2.4848,3.697,120.423
2.6061,3.697,118.993
2.7273,3.697,118.171
2.8485,3.697,117.721
2.9697,3.697,117.413
3.0909,3.697,117.034
3.2121,3.697,116.401
3.3333,3.697,115.365
3.4545,3.697,113.821
3.5758,3.697,111.704
3.697,3.697,108.994
3.8182,3.697,105.71
3.9394,3.697,101.903
4.0606,3.697,97.653
4.1818,3.697,93.058
4.303,3.697,88.231
4.4242,3.697,83.283
4.5455,3.697,78.326
4.6667,3.697,73.46
4.7879,3.697,68.773
4.9091,3.697,64.335
5.0303,3.697,60.198
5.1515,3.697,56.396
5.2727,3.697,52.945
5.3939,3.697,49.849
5.5152,3.697,47.095
5.6364,3.697,44.663
5.7576,3.697,42.528
5.8788,3.697,40.657
6.0,3.697,39.018
-6.0,3.8182,35.902
-5.8788,3.8182,36.661
-5.7576,3.8182,37.445
-5.6364,3.8182,38.257
-5.5152,3.8182,39.106
-5.3939,3.8182,40.003
-5.2727,3.8182,40.962
-5.1515,3.8182,42.004
-5.0303,3.8182,43.159
-4.9091,3.8182,44.46
-4.7879,3.8182,45.951
-4.6667,3.8182,47.683
-4.5455,3.8182,49.713
-4.4242,3.8182,52.099
-4.303,3.8182,54.899
-4.1818,3.8182,58.162
-4.0606,3.8182,61.922
-3.9394,3.8182,66.189
-3.8182,3.8182,70.943
-3.697,3.8182,76.125
-3.5758,3.8182,81.638
-3.4545,3.8182,87.343
-3.3333,3.8182,93.066
-3.2121,3.8182,98.609
-3.0909,3.8182,103.764
-2.9697,3.8182,108.333
-2.8485,3.8182,112.144
-2.7273,3.8182,115.077
-2.6061,3.8182,117.073
-2.4848,3.8182,118.155
-2.3636,3.8182,118.422
-2.2424,3.8182,118.056
-2.1212,3.8182,117.307
-2.0,3.8182,116.478
-1.8788,3.8182,115.905
-1.7576,3.8182,115.932
-1.6364,3.8182,116.886
-1.5152,3.8182,119.055
-1.3939,3.8182,122.667
-1.2727,3.8182,127.871
-1.1515,3.8182,134.73
-1.0303,3.8182,143.207
-0.9091,3.8182,153.167
-0.7879,3.8182,164.378
-0.6667,3.8182,176.518
-0.5455,3.8182,189.19
-0.4242,3.8182,201.939
-0.303,3.8182,214.273
-0.1818,3.8182,225.691
-0.0606,3.8182,235.708
0.0606,3.8182,243.888
0.1818,3.8182,249.868
0.303,3.8182,253.379
0.4242,3.8182,254.269
0.5455,3.8182,252.51
0.6667,3.8182,248.197
0.7879,3.8182,241.547
0.9091,3.8182,232.878
1.0303,3.8182,222.589
1.1515,3.8182,211.135
1.2727,3.8182,198.995
1.3939,3.8182,186.643
1.5152,3.8182,174.522
1.6364,3.8182,163.021
1.7576,3.8182,152.455
1.8788,3.8182,143.056
2.0,3.8182,134.968
2.1212,3.8182,128.247
2.2424,3.8182,122.868
2.3636,3.8182,118.737
2.4848,3.8182,115.703
2.6061,3.8182,113.572
2.7273,3.8182,112.128
2.8485,3.8182,111.143
2.9697,3.8182,110.394
3.0909,3.8182,109.674
3.2121,3.8182,108.805
3.3333,3.8182,107.64
3.4545,3.8182,106.073
3.5758,3.8182,104.036
3.697,3.8182,101.504
3.8182,3.8182,98.484
3.9394,3.8182,95.018
4.0606,3.8182,91.172
4.1818,3.8182,87.029
4.303,3.8182,82.686
4.4242,3.8182,78.24
4.5455,3.8182,73.788
4.6667,3.8182,69.419
4.7879,3.8182,65.208
4.9091,3.8182,61.218
5.0303,3.8182,57.494
5.1515,3.8182,54.065
5.2727,3.8182,50.948
5.3939,3.8182,48.143
5.5152,3.8182,45.641
5.6364,3.8182,43.424
5.7576,3.8182,41.469
5.8788,3.8182,39.749
6.0,3.8182,38.235
-6.0,3.9394,35.429
-5.8788,3.9394,36.166
-5.7576,3.9394,36.925
-5.6364,3.9394,37.711
-5.5152,3.9394,38.529
-5.3939,3.9394,39.389
-5.2727,3.9394,40.302
-5.1515,3.9394,41.287
-5.0303,3.9394,42.366
-4.9091,3.9394,43.569
-4.7879,3.9394,44.931
-4.6667,3.9394,46.496
-4.5455,3.9394,48.309
-4.4242,3.9394,50.421
-4.303,3.9394,52.878
-4.1818,3.9394,55.722
-4.0606,3.9394,58.981
-3.9394,3.9394,62.664
-3.8182,3.9394,66.753
-3.697,3.9394,71.201
-3.5758,3.9394,75.925
-3.4545,3.9394,80.811
-3.3333,3.9394,85.716
-3.2121,3.9394,90.476
-3.0909,3.9394,94.921
-2.9697,3.9394,98.889
-2.8485,3.9394,102.242
-2.7273,3.9394,104.888
-2.6061,3.9394,106.787
-2.4848,3.9394,107.968
-2.3636,3.9394,108.531
-2.2424,3.9394,108.645
-2.1212,3.9394,108.538
-2.0,3.9394,108.485
-1.8788,3.9394,108.793
-1.7576,3.9394,109.771
-1.6364,3.9394,111.719
-1.5152,3.9394,114.897
-1.3939,3.9394,119.513
-1.2727,3.9394,125.701
-1.1515,3.9394,133.512
-1.0303,3.9394,142.905
-0.9091,3.9394,153.739
-0.7879,3.9394,165.78
-0.6667,3.9394,178.705
-0.5455,3.9394,192.11
-0.4242,3.9394,205.536
-0.303,3.9394,218.482
-0.1818,3.9394,230.436
-0.0606,3.9394,240.905
0.0606,3.9394,249.439
0.1818,3.9394,255.666
0.303,3.9394,259.31
0.4242,3.9394,260.212
0.5455,3.9394,258.343
0.6667,3.9394,253.8
0.7879,3.9394,246.805
0.9091,3.9394,237.684
1.0303,3.9394,226.849
1.1515,3.9394,214.768
1.2727,3.9394,201.932
1.3939,3.9394,188.833
1.5152,3.9394,175.927
1.6364,3.9394,163.616
1.7576,3.9394,152.228
1.8788,3.9394,142.006
2.0,3.9394,133.104
2.1212,3.9394,125.589
2.2424,3.9394,119.445
2.3636,3.9394,114.586
2.4848,3.9394,110.871
2.6061,3.9394,108.116
2.7273,3.9394,106.114
2.8485,3.9394,104.646
2.9697,3.9394,103.497
3.0909,3.9394,102.469
3.2121,3.9394,101.388
3.3333,3.9394,100.11
3.4545,3.9394,98.53
3.5758,3.9394,96.578
3.697,3.9394,94.222
3.8182,3.9394,91.462
3.9394,3.9394,88.329
4.0606,3.9394,84.874
4.1818,3.9394,81.17
4.303,3.9394,77.296
4.4242,3.9394,73.336
4.5455,3.9394,69.374
4.6667,3.9394,65.485
4.7879,3.9394,61.736
4.9091,3.9394,58.179
5.0303,3.9394,54.855
5.1515,3.9394,51.789
5.2727,3.9394,48.994
5.3939,3.9394,46.471
5.5152,3.9394,44.214
5.6364,3.9394,42.205
5.7576,3.9394,40.426
5.8788,3.9394,38.852
6.0,3.9394,37.458
-6.0,4.0606,34.954
-5.8788,4.0606,35.669
-5.7576,4.0606,36.405
-5.6364,4.0606,37.164
-5.5152,4.0606,37.952
-5.3939,4.0606,38.776
-5.2727,4.0606,39.645
-5.1515,4.0606,40.575
-5.0303,4.0606,41.583
-4.9091,4.0606,42.694
-4.7879,4.0606,43.936
-4.6667,4.0606,45.345
-4.5455,4.0606,46.958
-4.4242,4.0606,48.815
-4.303,4.0606,50.956
-4.1818,4.0606,53.413
-4.0606,4.0606,56.21
-3.9394,4.0606,59.353
-3.8182,4.0606,62.829
-3.697,4.0606,66.599
-3.5758,4.0606,70.597
-3.4545,4.0606,74.728
-3.3333,4.0606,78.879
-3.2121,4.0606,82.917
-3.0909,4.0606,86.705
-2.9697,4.0606,90.116
-2.8485,4.0606,93.044
-2.7273,4.0606,95.418
-2.6061,4.0606,97.219
-2.4848,4.0606,98.481
-2.3636,4.0606,99.302
-2.2424,4.0606,99.837
-2.1212,4.0606,100.296
-2.0,4.0606,100.926
-1.8788,4.0606,102.003
-1.7576,4.0606,103.808
-1.6364,4.0606,106.61
-1.5152,4.0606,110.646
-1.3939,4.0606,116.101
-1.2727,4.0606,123.097
-1.1515,4.0606,131.675
-1.0303,4.0606,141.787
-0.9091,4.0606,153.291
-0.7879,4.0606,165.954
-0.6667,4.0606,179.45
-0.5455,4.0606,193.38
-0.4242,4.0606,207.279
-0.303,4.0606,220.645
-0.1818,4.0606,232.964
-0.0606,4.0606,243.734
0.0606,4.0606,252.503
0.1818,4.0606,258.891
0.303,4.0606,262.618
0.4242,4.0606,263.522
0.5455,4.0606,261.572
0.6667,4.0606,256.866
0.7879,4.0606,249.628
0.9091,4.0606,240.191
1.0303,4.0606,228.971
1.1515,4.0606,216.444
1.2727,4.0606,203.11
1.3939,4.0606,189.469
1.5152,4.0606,175.985
1.6364,4.0606,163.068
1.7576,4.0606,151.055
1.8788,4.0606,140.196
2.0,4.0606,130.654
2.1212,4.0606,122.503
2.2424,4.0606,115.734
2.3636,4.0606,110.273
2.4848,4.0606,105.986
2.6061,4.0606,102.701
2.7273,4.0606,100.22
2.8485,4.0606,98.334
2.9697,4.0606,96.838
3.0909,4.0606,95.542
3.2121,4.0606,94.278
3.3333,4.0606,92.908
3.4545,4.0606,91.326
3.5758,4.0606,89.462
3.697,4.0606,87.279
3.8182,4.0606,84.769
3.9394,4.0606,81.953
4.0606,4.0606,78.872
4.1818,4.0606,75.584
4.303,4.0606,72.156
4.4242,4.0606,68.658
4.5455,4.0606,65.16
4.6667,4.0606,61.726
4.7879,4.0606,58.414
4.9091,4.0606,55.268
5.0303,4.0606,52.323
5.1515,4.0606,49.6
5.2727,4.0606,47.111
5.3939,4.0606,44.858
5.5152,4.0606,42.832
5.6364,4.0606,41.022
5.7576,4.0606,39.409
5.8788,4.0606,37.974
6.0,4.0606,36.696
-6.0,4.1818,34.478
-5.8788,4.1818,35.172
-5.7576,4.1818,35.884
-5.6364,4.1818,36.618
-5.5152,4.1818,37.377
-5.3939,4.1818,38.166
-5.2727,4.1818,38.994
-5.1515,4.1818,39.872
-5.0303,4.1818,40.815
-4.9091,4.1818,41.841
-4.7879,4.1818,42.974
-4.6667,4.1818,44.241
-4.5455,4.1818,45.672
-4.4242,4.1818,47.301
-4.303,4.1818,49.156
-4.1818,4.1818,51.266
-4.0606,4.1818,53.648
-3.9394,4.1818,56.308
-3.8182,4.1818,59.235
-3.697,4.1818,62.398
-3.5758,4.1818,65.745
-3.4545,4.1818,69.201
-3.3333,4.1818,72.676
-3.2121,4.1818,76.066
-3.0909,4.1818,79.265
-2.9697,4.1818,82.175
-2.8485,4.1818,84.717
-2.7273,4.1818,86.842
-2.6061,4.1818,88.545
-2.4848,4.1818,89.866
-2.3636,4.1818,90.9
-2.2424,4.1818,91.789
-2.1212,4.1818,92.724
-2.0,4.1818,93.927
-1.8788,4.1818,95.646
-1.7576,4.1818,98.133
-1.6364,4.1818,101.629
-1.5152,4.1818,106.348
-1.3939,4.1818,112.457
-1.2727,4.1818,120.063
-1.1515,4.1818,129.199
-1.0303,4.1818,139.812
-0.9091,4.1818,151.762
-0.7879,4.1818,164.816
-0.6667,4.1818,178.654
-0.5455,4.1818,192.879
-0.4242,4.1818,207.031
-0.303,4.1818,220.611
-0.1818,4.1818,233.107
-0.0606,4.1818,244.018
0.0606,4.1818,252.891
0.1818,4.1818,259.346
0.303,4.1818,263.102
0.4242,4.1818,263.997
0.5455,4.1818,261.997
0.6667,4.1818,257.202
0.7879,4.1818,249.834
0.9091,4.1818,240.226
1.0303,4.1818,228.796
1.1515,4.1818,216.021
1.2727,4.1818,202.404
1.3939,4.1818,188.443
1.5152,4.1818,174.607
1.6364,4.1818,161.309
1.7576,4.1818,148.887
1.8788,4.1818,137.597
2.0,4.1818,127.605
2.1212,4.1818,118.992
2.2424,4.1818,111.757
2.3636,4.1818,105.833
2.4848,4.1818,101.098
2.6061,4.1818,97.388
2.7273,4.1818,94.517
2.8485,4.1818,92.287
2.9697,4.1818,90.505
3.0909,4.1818,88.988
3.2121,4.1818,87.575
3.3333,4.1818,86.135
3.4545,4.1818,84.564
3.5758,4.1818,82.79
3.697,4.1818,80.773
3.8182,4.1818,78.5
3.9394,4.1818,75.982
4.0606,4.1818,73.251
4.1818,4.1818,70.351
4.303,4.1818,67.338
4.4242,4.1818,64.269
4.5455,4.1818,61.202
4.6667,4.1818,58.193
4.7879,4.1818,55.287
4.9091,4.1818,52.523
5.0303,4.1818,49.931
5.1515,4.1818,47.528
5.2727,4.1818,45.324
5.3939,4.1818,43.32
5.5152,4.1818,41.511
5.6364,4.1818,39.885
5.7576,4.1818,38.428
5.8788,4.1818,37.124
6.0,4.1818,35.953
-6.0,4.303,34.003
-5.8788,4.303,34.675
-5.7576,4.303,35.365
-5.6364,4.303,36.074
-5.5152,4.303,36.804
-5.3939,4.303,37.561
-5.2727,4.303,38.35
-5.1515,4.303,39.181
-5.0303,4.303,40.063
-4.9091,4.303,41.013
-4.7879,4.303,42.048
-4.6667,4.303,43.19
-4.5455,4.303,44.461
-4.4242,4.303,45.888
-4.303,4.303,47.494
-4.1818,4.303,49.299
-4.0606,4.303,51.319
-3.9394,4.303,53.557
-3.8182,4.303,56.006
-3.697,4.303,58.64
-3.5758,4.303,61.419
-3.4545,4.303,64.287
-3.3333,4.303,67.172
-3.2121,4.303,69.997
-3.0909,4.303,72.681
-2.9697,4.303,75.151
-2.8485,4.303,77.351
-2.7273,4.303,79.251
-2.6061,4.303,80.857
-2.4848,4.303,82.215
-2.3636,4.303,83.413
-2.2424,4.303,84.584
-2.1212,4.303,85.899
-2.0,4.303,87.558
-1.8788,4.303,89.782
-1.7576,4.303,92.795
-1.6364,4.303,96.816
-1.5152,4.303,102.034
-1.3939,4.303,108.6
-1.2727,4.303,116.608
-1.1515,4.303,126.082
-1.0303,4.303,136.97
-0.9091,4.303,149.132
-0.7879,4.303,162.338
-0.6667,4.303,176.278
-0.5455,4.303,190.561
-0.4242,4.303,204.738
-0.303,4.303,218.319
-0.1818,4.303,230.798
-0.0606,4.303,241.683
0.0606,4.303,250.527
0.1818,4.303,256.953
0.303,4.303,260.684
0.4242,4.303,261.558
0.5455,4.303,259.542
0.6667,4.303,254.732
0.7879,4.303,247.35
0.9091,4.303,237.723
1.0303,4.303,226.265
1.1515,4.303,213.447
1.2727,4.303,199.767
1.3939,4.303,185.718
1.5152,4.303,171.766
1.6364,4.303,158.318
1.7576,4.303,145.713
1.8788,4.303,134.206
2.0,4.303,123.964
2.1212,4.303,115.073
2.2424,4.303,107.538
2.3636,4.303,101.301
2.4848,4.303,96.246
2.6061,4.303,92.224
2.7273,4.303,89.06
2.8485,4.303,86.566
2.9697,4.303,84.561
3.0909,4.303,82.873
3.2121,4.303,81.349
3.3333,4.303,79.863
3.4545,4.303,78.314
3.5758,4.303,76.633
3.697,4.303,74.775
3.8182,4.303,72.723
3.9394,4.303,70.481
4.0606,4.303,68.07
4.1818,4.303,65.526
4.303,4.303,62.892
4.4242,4.303,60.215
4.5455,4.303,57.542
4.6667,4.303,54.92
4.7879,4.303,52.385
4.9091,4.303,49.97
5.0303,4.303,47.7
5.1515,4.303,45.589
5.2727,4.303,43.645
5.3939,4.303,41.871
5.5152,4.303,40.26
5.6364,4.303,38.804
5.7576,4.303,37.49
5.8788,4.303,36.306
6.0,4.303,35.235
-6.0,4.4242,33.528
-5.8788,4.4242,34.18
-5.7576,4.4242,34.847
-5.6364,4.4242,35.531
-5.5152,4.4242,36.235
-5.3939,4.4242,36.961
-5.2727,4.4242,37.715
-5.1515,4.4242,38.501
-5.0303,4.4242,39.33
-4.9091,4.4242,40.212
-4.7879,4.4242,41.161
-4.6667,4.4242,42.193
-4.5455,4.4242,43.326
-4.4242,4.4242,44.58
-4.303,4.4242,45.971
-4.1818,4.4242,47.517
-4.0606,4.4242,49.228
-3.9394,4.4242,51.107
-3.8182,4.4242,53.148
-3.697,4.4242,55.333
-3.5758,4.4242,57.63
-3.4545,4.4242,59.997
-3.3333,4.4242,62.382
-3.2121,4.4242,64.725
-3.0909,4.4242,66.969
-2.9697,4.4242,69.061
-2.8485,4.4242,70.964
-2.7273,4.4242,72.665
-2.6061,4.4242,74.176
-2.4848,4.4242,75.547
-2.3636,4.4242,76.862
-2.2424,4.4242,78.242
-2.1212,4.4242,79.841
-2.0,4.4242,81.837
-1.8788,4.4242,84.427
-1.7576,4.4242,87.813
-1.6364,4.4242,92.187
-1.5152,4.4242,97.72
-1.3939,4.4242,104.547
-1.2727,4.4242,112.749
-1.1515,4.4242,122.346
-1.0303,4.4242,133.283
-0.9091,4.4242,145.423
-0.7879,4.4242,158.546
-0.6667,4.4242,172.35
-0.5455,4.4242,186.459
-0.4242,4.4242,200.436
-0.303,4.4242,213.806
-0.1818,4.4242,226.079
-0.0606,4.4242,236.774
0.0606,4.4242,245.456
0.1818,4.4242,251.759
0.303,4.4242,255.411
0.4242,4.4242,256.253
0.5455,4.4242,254.252
0.6667,4.4242,249.504
0.7879,4.4242,242.221
0.9091,4.4242,232.725
1.0303,4.4242,221.419
1.1515,4.4242,208.761
1.2727,4.4242,195.237
1.3939,4.4242,181.331
1.5152,4.4242,167.495
1.6364,4.4242,154.13
1.7576,4.4242,141.566
1.8788,4.4242,130.054
2.0,4.4242,119.763
2.1212,4.4242,110.778
2.2424,4.4242,103.11
2.3636,4.4242,96.707
2.4848,4.4242,91.466
2.6061,4.4242,87.246
2.7273,4.4242,83.885
2.8485,4.4242,81.209
2.9697,4.4242,79.047
3.0909,4.4242,77.239
3.2121,4.4242,75.641
3.3333,4.4242,74.132
3.4545,4.4242,72.619
3.5758,4.4242,71.031
3.697,4.4242,69.323
3.8182,4.4242,67.475
3.9394,4.4242,65.483
4.0606,4.4242,63.363
4.1818,4.4242,61.14
4.303,4.4242,58.847
4.4242,4.4242,56.522
4.5455,4.4242,54.203
4.6667,4.4242,51.928
4.7879,4.4242,49.726
4.9091,4.4242,47.625
5.0303,4.4242,45.644
5.1515,4.4242,43.795
5.2727,4.4242,42.086
5.3939,4.4242,40.518
5.5152,4.4242,39.086
5.6364,4.4242,37.783
5.7576,4.4242,36.599
5.8788,4.4242,35.524
6.0,4.4242,34.544
-6.0,4.5455,33.056
-5.8788,4.5455,33.686
-5.7576,4.5455,34.332
-5.6364,4.5455,34.993
-5.5152,4.5455,35.671
-5.3939,4.5455,36.368
-5.2727,4.5455,37.088
-5.1515,4.5455,37.835
-5.0303,4.5455,38.616
-4.9091,4.5455,39.438
-4.7879,4.5455,40.313
-4.6667,4.5455,41.251
-4.5455,4.5455,42.266
-4.4242,4.5455,43.373
-4.303,4.5455,44.585
-4.1818,4.5455,45.913
-4.0606,4.5455,47.366
-3.9394,4.5455,48.947
-3.8182,4.5455,50.649
-3.697,4.5455,52.46
-3.5758,4.5455,54.358
-3.4545,4.5455,56.31
-3.3333,4.5455,58.278
-3.2121,4.5455,60.22
-3.0909,4.5455,62.096
-2.9697,4.5455,63.87
-2.8485,4.5455,65.521
-2.7273,4.5455,67.046
-2.6061,4.5455,68.464
-2.4848,4.5455,69.827
-2.3636,4.5455,71.213
-2.2424,4.5455,72.732
-2.1212,4.5455,74.522
-2.0,4.5455,76.743
-1.8788,4.5455,79.568
-1.7576,4.5455,83.178
-1.6364,4.5455,87.744
-1.5152,4.5455,93.418
-1.3939,4.5455,100.318
-1.2727,4.5455,108.519
-1.1515,4.5455,118.033
-1.0303,4.5455,128.805
-0.9091,4.5455,140.705
-0.7879,4.5455,153.522
-0.6667,4.5455,166.967
-0.5455,4.5455,180.68
-0.4242,4.5455,194.245
-0.303,4.5455,207.206
-0.1818,4.5455,219.092
-0.0606,4.5455,229.444
0.0606,4.5455,237.841
0.1818,4.5455,243.931
0.303,4.5455,247.452
0.4242,4.5455,248.253
0.5455,4.5455,246.3
0.6667,4.5455,241.683
0.7879,4.5455,234.609
0.9091,4.5455,225.385
1.0303,4.5455,214.399
1.1515,4.5455,202.093
1.2727,4.5455,188.935
1.3939,4.5455,175.388
1.5152,4.5455,161.89
1.6364,4.5455,148.827
1.7576,4.5455,136.517
1.8788,4.5455,125.205
2.0,4.5455,115.055
2.1212,4.5455,106.152
2.2424,4.5455,98.511
2.3636,4.5455,92.087
2.4848,4.5455,86.785
2.6061,4.5455,82.478
2.7273,4.5455,79.015
2.8485,4.5455,76.236
2.9697,4.5455,73.981
3.0909,4.5455,72.102
3.2121,4.5455,70.466
3.3333,4.5455,68.96
3.4545,4.5455,67.493
3.5758,4.5455,65.998
3.697,4.5455,64.432
3.8182,4.5455,62.769
3.9394,4.5455,61.003
4.0606,4.5455,59.141
4.1818,4.5455,57.203
4.303,4.5455,55.212
4.4242,4.5455,53.199
4.5455,4.5455,51.193
4.6667,4.5455,49.224
4.7879,4.5455,47.316
4.9091,4.5455,45.492
5.0303,4.5455,43.767
5.1515,4.5455,42.151
5.2727,4.5455,40.649
5.3939,4.5455,39.264
5.5152,4.5455,37.991
5.6364,4.5455,36.825
5.7576,4.5455,35.757
5.8788,4.5455,34.78
6.0,4.5455,33.882
-6.0,4.6667,32.586
-5.8788,4.6667,33.196
-5.7576,4.6667,33.82
-5.6364,4.6667,34.458
-5.5152,4.6667,35.111
-5.3939,4.6667,35.781
-5.2727,4.6667,36.47
-5.1515,4.6667,37.182
-5.0303,4.6667,37.92
-4.9091,4.6667,38.69
-4.7879,4.6667,39.5
-4.6667,4.6667,40.359
-4.5455,4.6667,41.276
-4.4242,4.6667,42.261
-4.303,4.6667,43.325
-4.1818,4.6667,44.474
-4.0606,4.6667,45.717
-3.9394,4.6667,47.053
-3.8182,4.6667,48.48
-3.697,4.6667,49.988
-3.5758,4.6667,51.56
-3.4545,4.6667,53.174
-3.3333,4.6667,54.804
-3.2121,4.6667,56.419
-3.0909,4.6667,57.993
-2.9697,4.6667,59.505
-2.8485,4.6667,60.944
-2.7273,4.6667,62.314
-2.6061,4.6667,63.642
-2.4848,4.6667,64.977
-2.3636,4.6667,66.392
-2.2424,4.6667,67.987
-2.1212,4.6667,69.885
-2.0,4.6667,72.228
-1.8788,4.6667,75.17
-1.7576,4.6667,78.87
-1.6364,4.6667,83.48
-1.5152,4.6667,89.136
-1.3939,4.6667,95.943
-1.2727,4.6667,103.964
-1.1515,4.6667,113.209
-1.0303,4.6667,123.625
-0.9091,4.6667,135.088
-0.7879,4.6667,147.397
-0.6667,4.6667,160.282
-0.5455,4.6667,173.403
-0.4242,4.6667,186.366
-0.303,4.6667,198.739
-0.1818,4.6667,210.078
-0.0606,4.6667,219.947
0.0606,4.6667,227.947
0.1818,4.6667,233.745
0.303,4.6667,237.091
0.4242,4.6667,237.841
0.5455,4.6667,235.963
0.6667,4.6667,231.543
0.7879,4.6667,224.775
0.9091,4.6667,215.951
1.0303,4.6667,205.439
1.1515,4.6667,193.658
1.2727,4.6667,181.052
1.3939,4.6667,168.062
1.5152,4.6667,155.102
1.6364,4.6667,142.539
1.7576,4.6667,130.678
1.8788,4.6667,119.751
2.0,4.6667,109.915
2.1212,4.6667,101.255
2.2424,4.6667,93.788
2.3636,4.6667,87.475
2.4848,4.6667,82.231
2.6061,4.6667,77.939
2.7273,4.6667,74.461
2.8485,4.6667,71.652
2.9697,4.6667,69.364
3.0909,4.6667,67.462
3.2121,4.6667,65.821
3.3333,4.6667,64.338
3.4545,4.6667,62.928
3.5758,4.6667,61.527
3.697,4.6667,60.092
3.8182,4.6667,58.597
3.9394,4.6667,57.031
4.0606,4.6667,55.397
4.1818,4.6667,53.708
4.303,4.6667,51.981
4.4242,4.6667,50.239
4.5455,4.6667,48.506
4.6667,4.6667,46.803
4.7879,4.6667,45.152
4.9091,4.6667,43.569
5.0303,4.6667,42.066
5.1515,4.6667,40.653
5.2727,4.6667,39.333
5.3939,4.6667,38.108
5.5152,4.6667,36.975
5.6364,4.6667,35.929
5.7576,4.6667,34.964
5.8788,4.6667,34.073
6.0,4.6667,33.249
-6.0,4.7879,32.119
-5.8788,4.7879,32.708
-5.7576,4.7879,33.311
-5.6364,4.7879,33.927
-5.5152,4.7879,34.557
-5.3939,4.7879,35.202
-5.2727,4.7879,35.862
-5.1515,4.7879,36.541
-5.0303,4.7879,37.241
-4.9091,4.7879,37.966
-4.7879,4.7879,38.722
-4.6667,4.7879,39.513
-4.5455,4.7879,40.349
-4.4242,4.7879,41.234
-4.303,4.7879,42.176
-4.1818,4.7879,43.182
-4.0606,4.7879,44.255
-3.9394,4.7879,45.396
-3.8182,4.7879,46.603
-3.697,4.7879,47.868
-3.5758,4.7879,49.182
-3.4545,4.7879,50.527
-3.3333,4.7879,51.886
-3.2121,4.7879,53.239
-3.0909,4.7879,54.57
-2.9697,4.7879,55.868
-2.8485,4.7879,57.129
-2.7273,4.7879,58.366
-2.6061,4.7879,59.605
-2.4848,4.7879,60.895
-2.3636,4.7879,62.303
-2.2424,4.7879,63.919
-2.1212,4.7879,65.853
-2.0,4.7879,68.229
-1.8788,4.7879,71.184
-1.7576,4.7879,74.858
-1.6364,4.7879,79.387
-1.5152,4.7879,84.888
-1.3939,4.7879,91.456
-1.2727,4.7879,99.145
-1.1515,4.7879,107.964
-1.0303,4.7879,117.859
-0.9091,4.7879,128.716
-0.7879,4.7879,140.348
-0.6667,4.7879,152.502
-0.5455,4.7879,164.862
-0.4242,4.7879,177.061
-0.303,4.7879,188.696
-0.1818,4.7879,199.352
-0.0606,4.7879,208.621
0.0606,4.7879,216.131
0.1818,4.7879,221.569
0.303,4.7879,224.702
0.4242,4.7879,225.394
0.5455,4.7879,223.615
0.6667,4.7879,219.446
0.7879,4.7879,213.067
0.9091,4.7879,204.752
1.0303,4.7879,194.844
1.1515,4.7879,183.736
1.2727,4.7879,171.843
1.3939,4.7879,159.577
1.5152,4.7879,147.327
1.6364,4.7879,135.436
1.7576,4.7879,124.19
1.8788,4.7879,113.808
2.0,4.7879,104.437
2.1212,4.7879,96.16
2.2424,4.7879,88.996
2.3636,4.7879,82.909
2.4848,4.7879,77.826
2.6061,4.7879,73.64
2.7273,4.7879,70.226
2.8485,4.7879,67.452
2.9697,4.7879,65.185
3.0909,4.7879,63.3
3.2121,4.7879,61.685
3.3333,4.7879,60.245
3.4545,4.7879,58.9
3.5758,4.7879,57.592
3.697,4.7879,56.278
3.8182,4.7879,54.933
3.9394,4.7879,53.543
4.0606,4.7879,52.107
4.1818,4.7879,50.633
4.303,4.7879,49.134
4.4242,4.7879,47.626
4.5455,4.7879,46.126
4.6667,4.7879,44.653
4.7879,4.7879,43.222
4.9091,4.7879,41.846
5.0303,4.7879,40.535
5.1515,4.7879,39.296
5.2727,4.7879,38.133
5.3939,4.7879,37.046
5.5152,4.7879,36.034
5.6364,4.7879,35.093
5.7576,4.7879,34.218
5.8788,4.7879,33.404
6.0,4.7879,32.644
-6.0,4.9091,31.655
-5.8788,4.9091,32.225
-5.7576,4.9091,32.808
-5.6364,4.9091,33.402
-5.5152,4.9091,34.009
-5.3939,4.9091,34.629
-5.2727,4.9091,35.263
-5.1515,4.9091,35.912
-5.0303,4.9091,36.578
-4.9091,4.9091,37.264
-4.7879,4.9091,37.972
-4.6667,4.9091,38.708
-4.5455,4.9091,39.476
-4.4242,4.9091,40.28
-4.303,4.9091,41.125
-4.1818,4.9091,42.016
-4.0606,4.9091,42.954
-3.9394,4.9091,43.941
-3.8182,4.9091,44.975
-3.697,4.9091,46.05
-3.5758,4.9091,47.16
-3.4545,4.9091,48.294
-3.3333,4.9091,49.441
-3.2121,4.9091,50.587
-3.0909,4.9091,51.725
-2.9697,4.9091,52.85
-2.8485,4.9091,53.964
-2.7273,4.9091,55.084
-2.6061,4.9091,56.237
-2.4848,4.9091,57.468
-2.3636,4.9091,58.839
-2.2424,4.9091,60.431
-2.1212,4.9091,62.34
-2.0,4.9091,64.677
-1.8788,4.9091,67.56
-1.7576,4.9091,71.114
-1.6364,4.9091,75.456
-1.5152,4.9091,80.691
-1.3939,4.9091,86.903
-1.2727,4.9091,94.138
-1.1515,4.9091,102.402
-1.0303,4.9091,111.646
-0.9091,4.9091,121.762
-0.7879,4.9091,132.581
-0.6667,4.9091,143.869
-0.5455,4.9091,155.335
-0.4242,4.9091,166.643
-0.303,4.9091,177.42
-0.1818,4.9091,187.285
-0.0606,4.9091,195.862
0.0606,4.9091,202.808
0.1818,4.9091,207.833
0.303,4.9091,210.723
0.4242,4.9091,211.352
0.5455,4.9091,209.693
0.6667,4.9091,205.817
0.7879,4.9091,199.894
0.9091,4.9091,192.174
1.0303,4.9091,182.975
1.1515,4.9091,172.657
1.2727,4.9091,161.605
1.3939,4.9091,150.198
1.5152,4.9091,138.795
1.6364,4.9091,127.714
1.7576,4.9091,117.218
1.8788,4.9091,107.51
2.0,4.9091,98.728
2.1212,4.9091,90.949
2.2424,4.9091,84.192
2.3636,4.9091,78.429
2.4848,4.9091,73.592
2.6061,4.9091,69.588
2.7273,4.9091,66.304
2.8485,4.9091,63.621
2.9697,4.9091,61.42
3.0909,4.9091,59.588
3.2121,4.9091,58.025
3.3333,4.9091,56.642
3.4545,4.9091,55.37
3.5758,4.9091,54.153
3.697,4.9091,52.951
3.8182,4.9091,51.739
3.9394,4.9091,50.502
4.0606,4.9091,49.238
4.1818,4.9091,47.948
4.303,4.9091,46.642
4.4242,4.9091,45.332
4.5455,4.9091,44.031
4.6667,4.9091,42.753
4.7879,4.9091,41.508
4.9091,4.9091,40.308
5.0303,4.9091,39.16
5.1515,4.9091,38.07
5.2727,4.9091,37.041
5.3939,4.9091,36.072
5.5152,4.9091,35.164
5.6364,4.9091,34.313
5.7576,4.9091,33.516
5.8788,4.9091,32.768
6.0,4.9091,32.065
-6.0,5.0303,31.196
-5.8788,5.0303,31.747
-5.7576,5.0303,32.309
-5.6364,5.0303,32.883
-5.5152,5.0303,33.468
-5.3939,5.0303,34.065
-5.2727,5.0303,34.673
-5.1515,5.0303,35.295
-5.0303,5.0303,35.93
-4.9091,5.0303,36.581
-4.7879,5.0303,37.249
-4.6667,5.0303,37.938
-4.5455,5.0303,38.65
-4.4242,5.0303,39.388
-4.303,5.0303,40.156
-4.1818,5.0303,40.955
-4.0606,5.0303,41.787
-3.9394,5.0303,42.654
-3.8182,5.0303,43.553
-3.697,5.0303,44.482
-3.5758,5.0303,45.434
-3.4545,5.0303,46.405
-3.3333,5.0303,47.386
-3.2121,5.0303,48.371
-3.0909,5.0303,49.357
-2.9697,5.0303,50.342
-2.8485,5.0303,51.335
-2.7273,5.0303,52.352
-2.6061,5.0303,53.421
-2.4848,5.0303,54.584
-2.3636,5.0303,55.896
-2.2424,5.0303,57.428
-2.1212,5.0303,59.266
-2.0,5.0303,61.505
-1.8788,5.0303,64.25
-1.7576,5.0303,67.609
-1.6364,5.0303,71.685
-1.5152,5.0303,76.571
-1.3939,5.0303,82.337
-1.2727,5.0303,89.026
-1.1515,5.0303,96.641
-1.0303,5.0303,105.136
-0.9091,5.0303,114.415
-0.7879,5.0303,124.322
-0.6667,5.0303,134.646
-0.5455,5.0303,145.124
-0.4242,5.0303,155.449
-0.303,5.0303,165.285
-0.1818,5.0303,174.283
-0.0606,5.0303,182.102
0.0606,5.0303,188.431
0.1818,5.0303,193.007
0.303,5.0303,195.634
0.4242,5.0303,196.196
0.5455,5.0303,194.67
0.6667,5.0303,191.121
0.7879,5.0303,185.7
0.9091,5.0303,178.638
1.0303,5.0303,170.222
1.1515,5.0303,160.78
1.2727,5.0303,150.661
1.3939,5.0303,140.211
1.5152,5.0303,129.756
1.6364,5.0303,119.585
1.7576,5.0303,109.938
1.8788,5.0303,101.001
2.0,5.0303,92.9
2.1212,5.0303,85.706
2.2424,5.0303,79.438
2.3636,5.0303,74.073
2.4848,5.0303,69.55
2.6061,5.0303,65.788
2.7273,5.0303,62.686
2.8485,5.0303,60.139
2.9697,5.0303,58.041
3.0909,5.0303,56.291
3.2121,5.0303,54.799
3.3333,5.0303,53.487
3.4545,5.0303,52.292
3.5758,5.0303,51.163
3.697,5.0303,50.064
3.8182,5.0303,48.97
3.9394,5.0303,47.866
4.0606,5.0303,46.747
4.1818,5.0303,45.614
4.303,5.0303,44.472
4.4242,5.0303,43.328
4.5455,5.0303,42.194
4.6667,5.0303,41.078
4.7879,5.0303,39.99
4.9091,5.0303,38.938
5.0303,5.0303,37.927
5.1515,5.0303,36.963
5.2727,5.0303,36.046
5.3939,5.0303,35.179
5.5152,5.0303,34.359
5.6364,5.0303,33.586
5.7576,5.0303,32.856
5.8788,5.0303,32.166
6.0,5.0303,31.513
-6.0,5.1515,30.742
-5.8788,5.1515,31.274
-5.7576,5.1515,31.816
-5.6364,5.1515,32.369
-5.5152,5.1515,32.933
-5.3939,5.1515,33.508
-5.2727,5.1515,34.093
-5.1515,5.1515,34.689
-5.0303,5.1515,35.296
-4.9091,5.1515,35.916
-4.7879,5.1515,36.55
-4.6667,5.1515,37.198
-4.5455,5.1515,37.864
-4.4242,5.1515,38.548
-4.303,5.1515,39.253
-4.1818,5.1515,39.98
-4.0606,5.1515,40.73
-3.9394,5.1515,41.503
-3.8182,5.1515,42.298
-3.697,5.1515,43.114
-3.5758,5.1515,43.946
-3.4545,5.1515,44.791
-3.3333,5.1515,45.645
-3.2121,5.1515,46.505
-3.0909,5.1515,47.371
-2.9697,5.1515,48.245
-2.8485,5.1515,49.137
-2.7273,5.1515,50.063
-2.6061,5.1515,51.051
-2.4848,5.1515,52.138
-2.3636,5.1515,53.374
-2.2424,5.1515,54.821
-2.1212,5.1515,56.552
-2.0,5.1515,58.652
-1.8788,5.1515,61.211
-1.7576,5.1515,64.323
-1.6364,5.1515,68.077
-1.5152,5.1515,72.554
-1.3939,5.1515,77.815
-1.2727,5.1515,83.897
-1.1515,5.1515,90.801
-1.0303,5.1515,98.487
-0.9091,5.1515,106.866
-0.7879,5.1515,115.802
-0.6667,5.1515,125.103
-0.5455,5.1515,134.536
-0.4242,5.1515,143.824
-0.303,5.1515,152.668
-0.1818,5.1515,160.755
-0.0606,5.1515,167.78
0.0606,5.1515,173.462
0.1818,5.1515,177.567
0.303,5.1515,179.918
0.4242,5.1515,180.413
0.5455,5.1515,179.029
0.6667,5.1515,175.825
0.7879,5.1515,170.937
0.9091,5.1515,164.569
1.0303,5.1515,156.981
1.1515,5.1515,148.466
1.2727,5.1515,139.337
1.3939,5.1515,129.904
1.5152,5.1515,120.46
1.6364,5.1515,111.264
1.7576,5.1515,102.53
1.8788,5.1515,94.427
2.0,5.1515,87.068
2.1212,5.1515,80.518
2.2424,5.1515,74.795
2.3636,5.1515,69.878
2.4848,5.1515,65.718
2.6061,5.1515,62.241
2.7273,5.1515,59.36
2.8485,5.1515,56.982
2.9697,5.1515,55.014
3.0909,5.1515,53.367
3.2121,5.1515,51.963
3.3333,5.1515,50.731
3.4545,5.1515,49.616
3.5758,5.1515,48.572
3.697,5.1515,47.566
3.8182,5.1515,46.576
3.9394,5.1515,45.587
4.0606,5.1515,44.591
4.1818,5.1515,43.59
4.303,5.1515,42.584
4.4242,5.1515,41.579
4.5455,5.1515,40.584
4.6667,5.1515,39.603
4.7879,5.1515,38.646
4.9091,5.1515,37.716
5.0303,5.1515,36.82
5.1515,5.1515,35.96
5.2727,5.1515,35.139
5.3939,5.1515,34.356
5.5152,5.1515,33.612
5.6364,5.1515,32.904
5.7576,5.1515,32.232
5.8788,5.1515,31.592
6.0,5.1515,30.983
-6.0,5.2727,30.294
-5.8788,5.2727,30.806
-5.7576,5.2727,31.329
-5.6364,5.2727,31.863
-5.5152,5.2727,32.406
-5.3939,5.2727,32.959
-5.2727,5.2727,33.521
-5.1515,5.2727,34.093
-5.0303,5.2727,34.675
-4.9091,5.2727,35.267
-4.7879,5.2727,35.87
-4.6667,5.2727,36.484
-4.5455,5.2727,37.111
-4.4242,5.2727,37.751
-4.303,5.2727,38.405
-4.1818,5.2727,39.075
-4.0606,5.2727,39.76
-3.9394,5.2727,40.46
-3.8182,5.2727,41.175
-3.697,5.2727,41.904
-3.5758,5.2727,42.643
-3.4545,5.2727,43.393
-3.3333,5.2727,44.149
-3.2121,5.2727,44.912
-3.0909,5.2727,45.683
-2.9697,5.2727,46.467
-2.8485,5.2727,47.275
-2.7273,5.2727,48.121
-2.6061,5.2727,49.032
-2.4848,5.2727,50.039
-2.3636,5.2727,51.188
-2.2424,5.2727,52.532
-2.1212,5.2727,54.134
-2.0,5.2727,56.068
-1.8788,5.2727,58.41
-1.7576,5.2727,61.241
-1.6364,5.2727,64.639
-1.5152,5.2727,68.673
-1.3939,5.2727,73.396
-1.2727,5.2727,78.838
-1.1515,5.2727,85.001
-1.0303,5.2727,91.849
-0.9091,5.2727,99.303
-0.7879,5.2727,107.242
-0.6667,5.2727,115.498
-0.5455,5.2727,123.865
-0.4242,5.2727,132.099
-0.303,5.2727,139.935
-0.1818,5.2727,147.097
-0.0606,5.2727,153.315
0.0606,5.2727,158.342
0.1818,5.2727,161.97
0.303,5.2727,164.044
0.4242,5.2727,164.472
0.5455,5.2727,163.234
0.6667,5.2727,160.381
0.7879,5.2727,156.036
0.9091,5.2727,150.377
1.0303,5.2727,143.633
1.1515,5.2727,136.065
1.2727,5.2727,127.949
1.3939,5.2727,119.557
1.5152,5.2727,111.15
1.6364,5.2727,102.955
1.7576,5.2727,95.165
1.8788,5.2727,87.925
2.0,5.2727,81.339
2.1212,5.2727,75.464
2.2424,5.2727,70.317
2.3636,5.2727,65.88
2.4848,5.2727,62.112
2.6061,5.2727,58.948
2.7273,5.2727,56.313
2.8485,5.2727,54.126
2.9697,5.2727,52.307
3.0909,5.2727,50.778
3.2121,5.2727,49.47
3.3333,5.2727,48.324
3.4545,5.2727,47.289
3.5758,5.2727,46.327
3.697,5.2727,45.406
3.8182,5.2727,44.507
3.9394,5.2727,43.615
4.0606,5.2727,42.725
4.1818,5.2727,41.833
4.303,5.2727,40.94
4.4242,5.2727,40.051
4.5455,5.2727,39.17
4.6667,5.2727,38.301
4.7879,5.2727,37.451
4.9091,5.2727,36.624
5.0303,5.2727,35.823
5.1515,5.2727,35.05
5.2727,5.2727,34.308
5.3939,5.2727,33.596
5.5152,5.2727,32.915
5.6364,5.2727,32.264
5.7576,5.2727,31.641
5.8788,5.2727,31.045
6.0,5.2727,30.474
-6.0,5.3939,29.851
-5.8788,5.3939,30.345
-5.7576,5.3939,30.849
-5.6364,5.3939,31.363
-5.5152,5.3939,31.886
-5.3939,5.3939,32.418
-5.2727,5.3939,32.959
-5.1515,5.3939,33.508
-5.0303,5.3939,34.066
-4.9091,5.3939,34.633
-4.7879,5.3939,35.208
-4.6667,5.3939,35.792
-4.5455,5.3939,36.385
-4.4242,5.3939,36.988
-4.303,5.3939,37.601
-4.1818,5.3939,38.224
-4.0606,5.3939,38.858
-3.9394,5.3939,39.501
-3.8182,5.3939,40.154
-3.697,5.3939,40.816
-3.5758,5.3939,41.485
-3.4545,5.3939,42.16
-3.3333,5.3939,42.841
-3.2121,5.3939,43.528
-3.0909,5.3939,44.225
-2.9697,5.3939,44.936
-2.8485,5.3939,45.671
-2.7273,5.3939,46.447
-2.6061,5.3939,47.283
-2.4848,5.3939,48.211
-2.3636,5.3939,49.267
-2.2424,5.3939,50.498
-2.1212,5.3939,51.959
-2.0,5.3939,53.71
-1.8788,5.3939,55.819
-1.7576,5.3939,58.354
-1.6364,5.3939,61.382
-1.5152,5.3939,64.96
-1.3939,5.3939,69.134
-1.2727,5.3939,73.931
-1.1515,5.3939,79.35
-1.0303,5.3939,85.361
-0.9091,5.3939,91.894
-0.7879,5.3939,98.845
-0.6667,5.3939,106.067
-0.5455,5.3939,113.38
-0.4242,5.3939,120.574
-0.303,5.3939,127.415
-0.1818,5.3939,133.666
-0.0606,5.3939,139.09
0.0606,5.3939,143.473
0.1818,5.3939,146.632
0.303,5.3939,148.433
0.4242,5.3939,148.796
0.5455,5.3939,147.703
0.6667,5.3939,145.199
0.7879,5.3939,141.39
0.9091,5.3939,136.432
1.0303,5.3939,130.524
1.1515,5.3939,123.893
1.2727,5.3939,116.779
1.3939,5.3939,109.42
1.5152,5.3939,102.043
1.6364,5.3939,94.845
1.7576,5.3939,87.995
1.8788,5.3939,81.621
2.0,5.3939,75.811
2.1212,5.3939,70.616
2.2424,5.3939,66.053
2.3636,5.3939,62.108
2.4848,5.3939,58.743
2.6061,5.3939,55.904
2.7273,5.3939,53.528
2.8485,5.3939,51.544
2.9697,5.3939,49.884
3.0909,5.3939,48.481
3.2121,5.3939,47.277
3.3333,5.3939,46.218
3.4545,5.3939,45.263
3.5758,5.3939,44.377
3.697,5.3939,43.533
3.8182,5.3939,42.714
3.9394,5.3939,41.906
4.0606,5.3939,41.104
4.1818,5.3939,40.303
4.303,5.3939,39.505
4.4242,5.3939,38.71
4.5455,5.3939,37.923
4.6667,5.3939,37.147
4.7879,5.3939,36.385
4.9091,5.3939,35.642
5.0303,5.3939,34.919
5.1515,5.3939,34.219
5.2727,5.3939,33.542
5.3939,5.3939,32.891
5.5152,5.3939,32.264
5.6364,5.3939,31.66
5.7576,5.3939,31.08
5.8788,5.3939,30.522
6.0,5.3939,29.985
-6.0,5.5152,29.415
-5.8788,5.5152,29.891
-5.7576,5.5152,30.376
-5.6364,5.5152,30.871
-5.5152,5.5152,31.374
-5.3939,5.5152,31.886
-5.2727,5.5152,32.406
-5.1515,5.5152,32.934
-5.0303,5.5152,33.469
-4.9091,5.5152,34.012
-4.7879,5.5152,34.562
-4.6667,5.5152,35.119
-4.5455,5.5152,35.683
-4.4242,5.5152,36.254
-4.303,5.5152,36.832
-4.1818,5.5152,37.417
-4.0606,5.5152,38.009
-3.9394,5.5152,38.607
-3.8182,5.5152,39.212
-3.697,5.5152,39.821
-3.5758,5.5152,40.434
-3.4545,5.5152,41.052
-3.3333,5.5152,41.675
-3.2121,5.5152,42.302
-3.0909,5.5152,42.939
-2.9697,5.5152,43.589
-2.8485,5.5152,44.263
-2.7273,5.5152,44.975
-2.6061,5.5152,45.742
-2.4848,5.5152,46.591
-2.3636,5.5152,47.553
-2.2424,5.5152,48.668
-2.1212,5.5152,49.983
-2.0,5.5152,51.548
-1.8788,5.5152,53.42
-1.7576,5.5152,55.657
-1.6364,5.5152,58.314
-1.5152,5.5152,61.442
-1.3939,5.5152,65.078
-1.2727,5.5152,69.245
-1.1515,5.5152,73.942
-1.0303,5.5152,79.142
-0.9091,5.5152,84.786
-0.7879,5.5152,90.784
-0.6667,5.5152,97.011
-0.5455,5.5152,103.312
-0.4242,5.5152,109.505
-0.303,5.5152,115.393
-0.1818,5.5152,120.769
-0.0606,5.5152,125.432
0.0606,5.5152,129.196
0.1818,5.5152,131.907
0.303,5.5152,133.447
0.4242,5.5152,133.748
0.5455,5.5152,132.796
0.6667,5.5152,130.628
0.7879,5.5152,127.335
0.9091,5.5152,123.052
1.0303,5.5152,117.949
1.1515,5.5152,112.22
1.2727,5.5152,106.071
1.3939,5.5152,99.709
1.5152,5.5152,93.325
1.6364,5.5152,87.092
1.7576,5.5152,81.153
1.8788,5.5152,75.618
2.0,5.5152,70.564
2.1212,5.5152,66.035
2.2424,5.5152,62.045
2.3636,5.5152,58.584
2.4848,5.5152,55.619
2.6061,5.5152,53.106
2.7273,5.5152,50.99
2.8485,5.5152,49.212
2.9697,5.5152,47.714
3.0909,5.5152,46.44
3.2121,5.5152,45.34
3.3333,5.5152,44.368
3.4545,5.5152,43.49
3.5758,5.5152,42.675
3.697,5.5152,41.901
3.8182,5.5152,41.152
3.9394,5.5152,40.416
4.0606,5.5152,39.688
4.1818,5.5152,38.963
4.303,5.5152,38.243
4.4242,5.5152,37.526
4.5455,5.5152,36.816
4.6667,5.5152,36.115
4.7879,5.5152,35.426
4.9091,5.5152,34.752
5.0303,5.5152,34.094
5.1515,5.5152,33.454
5.2727,5.5152,32.833
5.3939,5.5152,32.232
5.5152,5.5152,31.65
5.6364,5.5152,31.088
5.7576,5.5152,30.545
5.8788,5.5152,30.02
6.0,5.5152,29.513
-6.0,5.6364,28.986
-5.8788,5.6364,29.444
-5.7576,5.6364,29.911
-5.6364,5.6364,30.387
-5.5152,5.6364,30.871
-5.3939,5.6364,31.363
-5.2727,5.6364,31.863
-5.1515,5.6364,32.37
-5.0303,5.6364,32.884
-4.9091,5.6364,33.404
-4.7879,5.6364,33.931
-4.6667,5.6364,34.463
-4.5455,5.6364,35.001
-4.4242,5.6364,35.545
-4.303,5.6364,36.093
-4.1818,5.6364,36.646
-4.0606,5.6364,37.203
-3.9394,5.6364,37.764
-3.8182,5.6364,38.329
-3.697,5.6364,38.896
-3.5758,5.6364,39.466
-3.4545,5.6364,40.039
-3.3333,5.6364,40.614
-3.2121,5.6364,41.194
-3.0909,5.6364,41.781
-2.9697,5.6364,42.381
-2.8485,5.6364,43.002
-2.7273,5.6364,43.656
-2.6061,5.6364,44.358
-2.4848,5.6364,45.132
-2.3636,5.6364,46.002
-2.2424,5.6364,47.004
-2.1212,5.6364,48.174
-2.0,5.6364,49.556
-1.8788,5.6364,51.197
-1.7576,5.6364,53.145
-1.6364,5.6364,55.447
-1.5152,5.6364,58.144
-1.3939,5.6364,61.268
-1.2727,5.6364,64.838
-1.1515,5.6364,68.852
-1.0303,5.6364,73.288
-0.9091,5.6364,78.096
-0.7879,5.6364,83.199
-0.6667,5.6364,88.492
-0.5455,5.6364,93.843
-0.4242,5.6364,99.099
-0.303,5.6364,104.094
-0.1818,5.6364,108.651
-0.0606,5.6364,112.601
0.0606,5.6364,115.788
0.1818,5.6364,118.078
0.303,5.6364,119.375
0.4242,5.6364,119.62
0.5455,5.6364,118.8
0.6667,5.6364,116.948
0.7879,5.6364,114.14
0.9091,5.6364,110.489
1.0303,5.6364,106.141
1.1515,5.6364,101.259
1.2727,5.6364,96.019
1.3939,5.6364,90.593
1.5152,5.6364,85.145
1.6364,5.6364,79.82
1.7576,5.6364,74.74
1.8788,5.6364,69.999
2.0,5.6364,65.661
2.1212,5.6364,61.764
2.2424,5.6364,58.321
2.3636,5.6364,55.322
2.4848,5.6364,52.743
2.6061,5.6364,50.545
2.7273,5.6364,48.682
2.8485,5.6364,47.106
2.9697,5.6364,45.767
3.0909,5.6364,44.62
3.2121,5.6364,43.621
3.3333,5.6364,42.734
3.4545,5.6364,41.929
3.5758,5.6364,41.18
3.697,5.6364,40.468
3.8182,5.6364,39.78
3.9394,5.6364,39.106
4.0606,5.6364,38.441
4.1818,5.6364,37.78
4.303,5.6364,37.123
4.4242,5.6364,36.471
4.5455,5.6364,35.825
4.6667,5.6364,35.186
4.7879,5.6364,34.557
4.9091,5.6364,33.94
5.0303,5.6364,33.336
5.1515,5.6364,32.746
5.2727,5.6364,32.171
5.3939,5.6364,31.613
5.5152,5.6364,31.07
5.6364,5.6364,30.543
5.7576,5.6364,30.033
5.8788,5.6364,29.537
6.0,5.6364,29.056
-6.0,5.7576,28.564
-5.8788,5.7576,29.004
-5.7576,5.7576,29.453
-5.6364,5.7576,29.911
-5.5152,5.7576,30.376
-5.3939,5.7576,30.849
-5.2727,5.7576,31.33
-5.1515,5.7576,31.817
-5.0303,5.7576,32.31
-4.9091,5.7576,32.809
-4.7879,5.7576,33.314
-4.6667,5.7576,33.823
-4.5455,5.7576,34.337
-4.4242,5.7576,34.856
-4.303,5.7576,35.378
-4.1818,5.7576,35.903
-4.0606,5.7576,36.431
-3.9394,5.7576,36.961
-3.8182,5.7576,37.493
-3.697,5.7576,38.026
-3.5758,5.7576,38.56
-3.4545,5.7576,39.095
-3.3333,5.7576,39.632
-3.2121,5.7576,40.172
-3.0909,5.7576,40.719
-2.9697,5.7576,41.275
-2.8485,5.7576,41.85
-2.7273,5.7576,42.452
-2.6061,5.7576,43.095
-2.4848,5.7576,43.797
-2.3636,5.7576,44.581
-2.2424,5.7576,45.474
-2.1212,5.7576,46.506
-2.0,5.7576,47.715
-1.8788,5.7576,49.138
-1.7576,5.7576,50.816
-1.6364,5.7576,52.786
-1.5152,5.7576,55.083
-1.3939,5.7576,57.732
-1.2727,5.7576,60.75
-1.1515,5.7576,64.135
-1.0303,5.7576,67.868
-0.9091,5.7576,71.908
-0.7879,5.7576,76.189
-0.6667,5.7576,80.626
-0.5455,5.7576,85.107
-0.4242,5.7576,89.506
-0.303,5.7576,93.682
-0.1818,5.7576,97.49
-0.0606,5.7576,100.788
0.0606,5.7576,103.446
0.1818,5.7576,105.353
0.303,5.7576,106.428
0.4242,5.7576,106.621
0.5455,5.7576,105.923
0.6667,5.7576,104.361
0.7879,5.7576,101.997
0.9091,5.7576,98.928
1.0303,5.7576,95.272
1.1515,5.7576,91.168
1.2727,5.7576,86.761
1.3939,5.7576,82.196
1.5152,5.7576,77.608
1.6364,5.7576,73.119
1.7576,5.7576,68.831
1.8788,5.7576,64.822
2.0,5.7576,61.146
2.1212,5.7576,57.835
2.2424,5.7576,54.899
2.3636,5.7576,52.332
2.4848,5.7576,50.113
2.6061,5.7576,48.21
2.7273,5.7576,46.586
2.8485,5.7576,45.201
2.9697,5.7576,44.015
3.0909,5.7576,42.988
3.2121,5.7576,42.087
3.3333,5.7576,41.28
3.4545,5.7576,40.543
3.5758,5.7576,39.854
3.697,5.7576,39.199
3.8182,5.7576,38.565
3.9394,5.7576,37.944
4.0606,5.7576,37.331
4.1818,5.7576,36.724
4.303,5.7576,36.121
4.4242,5.7576,35.522
4.5455,5.7576,34.928
4.6667,5.7576,34.341
4.7879,5.7576,33.761
4.9091,5.7576,33.191
5.0303,5.7576,32.632
5.1515,5.7576,32.085
5.2727,5.7576,31.549
5.3939,5.7576,31.027
5.5152,5.7576,30.518
5.6364,5.7576,30.022
5.7576,5.7576,29.54
5.8788,5.7576,29.071
6.0,5.7576,28.614
-6.0,5.8788,28.15
-5.8788,5.8788,28.573
-5.7576,5.8788,29.004
-5.6364,5.8788,29.444
-5.5152,5.8788,29.891
-5.3939,5.8788,30.345
-5.2727,5.8788,30.807
-5.1515,5.8788,31.274
-5.0303,5.8788,31.748
-4.9091,5.8788,32.226
-4.7879,5.8788,32.71
-4.6667,5.8788,33.198
-4.5455,5.8788,33.69
-4.4242,5.8788,34.185
-4.303,5.8788,34.683
-4.1818,5.8788,35.184
-4.0606,5.8788,35.686
-3.9394,5.8788,36.189
-3.8182,5.8788,36.693
-3.697,5.8788,37.197
-3.5758,5.8788,37.701
-3.4545,5.8788,38.205
-3.3333,5.8788,38.71
-3.2121,5.8788,39.217
-3.0909,5.8788,39.728
-2.9697,5.8788,40.247
-2.8485,5.8788,40.78
-2.7273,5.8788,41.336
-2.6061,5.8788,41.925
-2.4848,5.8788,42.562
-2.3636,5.8788,43.265
-2.2424,5.8788,44.057
-2.1212,5.8788,44.963
-2.0,5.8788,46.012
-1.8788,5.8788,47.235
-1.7576,5.8788,48.665
-1.6364,5.8788,50.333
-1.5152,5.8788,52.267
-1.3939,5.8788,54.487
-1.2727,5.8788,57.007
-1.1515,5.8788,59.825
-1.0303,5.8788,62.926
-0.9091,5.8788,66.275
-0.7879,5.8788,69.82
-0.6667,5.8788,73.488
-0.5455,5.8788,77.189
-0.4242,5.8788,80.818
-0.303,5.8788,84.261
-0.1818,5.8788,87.399
-0.0606,5.8788,90.113
0.0606,5.8788,92.297
0.1818,5.8788,93.861
0.303,5.8788,94.737
0.4242,5.8788,94.886
0.5455,5.8788,94.298
0.6667,5.8788,92.995
0.7879,5.8788,91.031
0.9091,5.8788,88.483
1.0303,5.8788,85.45
1.1515,5.8788,82.045
1.2727,5.8788,78.386
1.3939,5.8788,74.594
1.5152,5.8788,70.78
1.6364,5.8788,67.044
1.7576,5.8788,63.47
1.8788,5.8788,60.121
2.0,5.8788,57.043
2.1212,5.8788,54.262
2.2424,5.8788,51.787
2.3636,5.8788,49.612
2.4848,5.8788,47.722
2.6061,5.8788,46.09
2.7273,5.8788,44.686
2.8485,5.8788,43.478
2.9697,5.8788,42.432
3.0909,5.8788,41.518
3.2121,5.8788,40.707
3.3333,5.8788,39.975
3.4545,5.8788,39.3
3.5758,5.8788,38.667
3.697,5.8788,38.062
3.8182,5.8788,37.475
3.9394,5.8788,36.9
4.0606,5.8788,36.333
4.1818,5.8788,35.77
4.303,5.8788,35.212
4.4242,5.8788,34.658
4.5455,5.8788,34.108
4.6667,5.8788,33.564
4.7879,5.8788,33.026
4.9091,5.8788,32.496
5.0303,5.8788,31.974
5.1515,5.8788,31.463
5.2727,5.8788,30.961
5.3939,5.8788,30.47
5.5152,5.8788,29.991
5.6364,5.8788,29.522
5.7576,5.8788,29.065
5.8788,5.8788,28.619
6.0,5.8788,28.185
-6.0,6.0,27.744
-5.8788,6.0,28.15
-5.7576,6.0,28.564
-5.6364,6.0,28.986
-5.5152,6.0,29.415
-5.3939,6.0,29.851
-5.2727,6.0,30.294
-5.1515,6.0,30.743
-5.0303,6.0,31.197
-4.9091,6.0,31.656
-4.7879,6.0,32.12
-4.6667,6.0,32.587
-4.5455,6.0,33.058
-4.4242,6.0,33.532
-4.303,6.0,34.008
-4.1818,6.0,34.486
-4.0606,6.0,34.965
-3.9394,6.0,35.444
-3.8182,6.0,35.923
-3.697,6.0,36.402
-3.5758,6.0,36.88
-3.4545,6.0,37.357
-3.3333,6.0,37.833
-3.2121,6.0,38.311
-3.0909,6.0,38.791
-2.9697,6.0,39.277
-2.8485,6.0,39.774
-2.7273,6.0,40.288
-2.6061,6.0,40.828
-2.4848,6.0,41.406
-2.3636,6.0,42.036
-2.2424,6.0,42.736
-2.1212,6.0,43.527
-2.0,6.0,44.433
-1.8788,6.0,45.477
-1.7576,6.0,46.686
-1.6364,6.0,48.086
-1.5152,6.0,49.698
-1.3939,6.0,51.539
-1.2727,6.0,53.619
-1.1515,6.0,55.937
-1.0303,6.0,58.481
-0.9091,6.0,61.222
-0.7879,6.0,64.119
-0.6667,6.0,67.111
-0.5455,6.0,70.127
-0.4242,6.0,73.081
-0.303,6.0,75.88
-0.1818,6.0,78.428
-0.0606,6.0,80.63
0.0606,6.0,82.399
0.1818,6.0,83.662
0.303,6.0,84.365
0.4242,6.0,84.474
0.5455,6.0,83.983
0.6667,6.0,82.91
0.7879,6.0,81.298
0.9091,6.0,79.209
1.0303,6.0,76.723
1.1515,6.0,73.932
1.2727,6.0,70.933
1.3939,6.0,67.822
1.5152,6.0,64.69
1.6364,6.0,61.617
1.7576,6.0,58.672
1.8788,6.0,55.907
2.0,6.0,53.358
2.1212,6.0,51.047
2.2424,6.0,48.981
2.3636,6.0,47.156
2.4848,6.0,45.559
2.6061,6.0,44.17
2.7273,6.0,42.964
2.8485,6.0,41.915
2.9697,6.0,40.998
3.0909,6.0,40.186
3.2121,6.0,39.458
3.3333,6.0,38.793
3.4545,6.0,38.176
3.5758,6.0,37.592
3.697,6.0,37.031
3.8182,6.0,36.486
3.9394,6.0,35.951
4.0606,6.0,35.423
4.1818,6.0,34.899
4.303,6.0,34.379
4.4242,6.0,33.863
4.5455,6.0,33.35
4.6667,6.0,32.842
4.7879,6.0,32.339
4.9091,6.0,31.843
5.0303,6.0,31.354
5.1515,6.0,30.873
5.2727,6.0,30.401
5.3939,6.0,29.938
5.5152,6.0,29.484
5.6364,6.0,29.04
5.7576,6.0,28.606
5.8788,6.0,28.182
6.0,6.0,27.768
